event_id,design_id,coarse_dt_s,fine_dt_s,peak_downstream_m3_s_relative_change,maximum_storage_m3_relative_change,baseline_peak_m3_s_relative_change,overflow_change_m3,overflow_onset_change_s,overflow_classification_stable,drawdown_change_s,acceptance_stable,peak_storage_converged
25mm_uniform,h0.150_o40,30.0,15.0,0.00041582815958946423,0.0,0.0004158281595917133,0.03518261082362528,15.0,True,59.70365778832445,True,True
25mm_uniform,h0.150_o60,30.0,15.0,0.00041582815958946423,0.0,0.0004158281595917133,0.06254153333388501,15.0,True,59.15288754185184,True,True
25mm_uniform,h0.150_o80,30.0,15.0,0.00041582815958946423,0.0,0.0004158281595917133,0.08828768717830826,15.0,True,58.585753439317045,True,True
25mm_uniform,h0.150_o100,30.0,15.0,0.0004158281595894642,0.0,0.0004158281595917133,0.1101713495866683,15.0,True,58.31838734586654,True,True
25mm_uniform,h0.300_o40,30.0,15.0,0.00038893002369461,0.0,0.0004158281595917133,0.046763057893699056,15.0,True,53.277179696141275,True,True
25mm_uniform,h0.300_o60,30.0,15.0,0.01630082895639578,0.0,0.0004158281595917133,0.08155906885098574,15.0,True,52.68742097731405,True,False
25mm_uniform,h0.300_o80,30.0,15.0,0.07350136119569171,0.0,0.0004158281595917133,0.10877632403727922,15.0,True,52.08079878449681,True,False
25mm_uniform,h0.300_o100,30.0,15.0,0.001397087777894624,0.002248122088225743,0.0004158281595917133,0.0,,True,42.65260706727929,True,True
25mm_uniform,h0.450_o40,30.0,15.0,0.0003429419707855768,0.0006492703146778519,0.0004158281595917133,0.0,,True,30.24852001723559,True,True
25mm_uniform,h0.450_o60,30.0,15.0,0.0006609289197519299,0.0012042110553817462,0.0004158281595917133,0.0,,True,33.57959346163,True,True
25mm_uniform,h0.450_o80,30.0,15.0,0.0010233293821219848,0.001770351088010444,0.0004158281595917133,0.0,,True,36.06532600121568,True,True
25mm_uniform,h0.450_o100,30.0,15.0,0.001397087777894624,0.002248122088225743,0.0004158281595917133,0.0,,True,38.09564939949155,True,True
25mm_uniform,h0.600_o40,30.0,15.0,0.0003429419707855768,0.0006492703146778519,0.0004158281595917133,0.0,,True,27.013534357226376,True,True
25mm_uniform,h0.600_o60,30.0,15.0,0.0006609289197519299,0.0012042110553817462,0.0004158281595917133,0.0,,True,30.342033412694747,True,True
25mm_uniform,h0.600_o80,30.0,15.0,0.0010233293821219848,0.001770351088010444,0.0004158281595917133,0.0,,True,32.83326319888715,True,True
25mm_uniform,h0.600_o100,30.0,15.0,0.001397087777894624,0.002248122088225743,0.0004158281595917133,0.0,,True,34.86514493773001,True,True
25mm_uniform,h0.750_o40,30.0,15.0,0.0003429419707855768,0.0006492703146778519,0.0004158281595917133,0.0,,True,24.502837124352084,True,True
25mm_uniform,h0.750_o60,30.0,15.0,0.0006609289197519299,0.0012042110553817462,0.0004158281595917133,0.0,,True,27.83482382353668,True,True
25mm_uniform,h0.750_o80,30.0,15.0,0.0010233293821219848,0.001770351088010444,0.0004158281595917133,0.0,,True,30.324023003370826,True,True
25mm_uniform,h0.750_o100,30.0,15.0,0.001397087777894624,0.002248122088225743,0.0004158281595917133,0.0,,True,32.359049853028665,True,True
25mm_uniform,h0.900_o40,30.0,15.0,0.0003429419707855768,0.0006492703146778519,0.0004158281595917133,0.0,,True,22.452483559187897,True,True
25mm_uniform,h0.900_o60,30.0,15.0,0.0006609289197519299,0.0012042110553817462,0.0004158281595917133,0.0,,True,25.782045958059996,True,True
25mm_uniform,h0.900_o80,30.0,15.0,0.0010233293821219848,0.001770351088010444,0.0004158281595917133,0.0,,True,28.2758408846437,True,True
25mm_uniform,h0.900_o100,30.0,15.0,0.001397087777894624,0.002248122088225743,0.0004158281595917133,0.0,,True,30.311351640883544,True,True
25mm_front_loaded,h0.150_o40,30.0,15.0,0.002100491066852058,0.0,0.002186769625803842,0.03146533065824997,15.0,True,56.723764750285,True,True
25mm_front_loaded,h0.150_o60,30.0,15.0,0.002081250946471356,0.0,0.002186769625803842,0.054332863557149835,15.0,True,56.03103564045995,True,True
25mm_front_loaded,h0.150_o80,30.0,15.0,0.0034047077777780957,0.0,0.002186769625803842,0.07650127138667528,0.0,True,55.81044611921868,True,True
25mm_front_loaded,h0.150_o100,30.0,15.0,0.0021250179387139567,0.0,0.002186769625803842,0.09522761234052268,15.0,True,55.718757770957694,True,True
25mm_front_loaded,h0.300_o40,30.0,15.0,0.0034295240494481975,0.0,0.002186769625803842,0.04034388095147179,15.0,True,50.25142580424813,True,True
25mm_front_loaded,h0.300_o60,30.0,15.0,0.020812580003892266,0.0,0.002186769625803842,0.06796845278275754,15.0,True,49.82354973221561,True,False
25mm_front_loaded,h0.300_o80,30.0,15.0,0.0008107198647452087,0.0013975831905203421,0.002186769625803842,0.0,,True,40.42885041144473,True,True
25mm_front_loaded,h0.300_o100,30.0,15.0,0.0011702258812204519,0.0018682532434539316,0.002186769625803842,0.0,,True,42.510061541342736,True,True
25mm_front_loaded,h0.450_o40,30.0,15.0,0.0002932004602993095,0.000554971110312654,0.002186769625803842,0.0,,True,30.02490302773424,True,True
25mm_front_loaded,h0.450_o60,30.0,15.0,0.0005472333812185392,0.000995932837273561,0.002186769625803842,0.0,,True,33.36126937263373,True,True
25mm_front_loaded,h0.450_o80,30.0,15.0,0.0008107198647452087,0.0013975831905203421,0.002186769625803842,0.0,,True,35.87293246140888,True,True
25mm_front_loaded,h0.450_o100,30.0,15.0,0.0011702258812204519,0.0018682532434539316,0.002186769625803842,0.0,,True,37.945049841994916,True,True
25mm_front_loaded,h0.600_o40,30.0,15.0,0.0002932004602993095,0.000554971110312654,0.002186769625803842,0.0,,True,26.789062390579943,True,True
25mm_front_loaded,h0.600_o60,30.0,15.0,0.0005472333812185392,0.000995932837273561,0.002186769625803842,0.0,,True,30.1306701933008,True,True
25mm_front_loaded,h0.600_o80,30.0,15.0,0.0008107198647452087,0.0013975831905203421,0.002186769625803842,0.0,,True,32.639984927611465,True,True
25mm_front_loaded,h0.600_o100,30.0,15.0,0.0011702258812204519,0.0018682532434539316,0.002186769625803842,0.0,,True,34.71943796596513,True,True
25mm_front_loaded,h0.750_o40,30.0,15.0,0.0002932004602993095,0.000554971110312654,0.002186769625803842,0.0,,True,24.280239031075723,True,True
25mm_front_loaded,h0.750_o60,30.0,15.0,0.0005472333812185392,0.000995932837273561,0.002186769625803842,0.0,,True,27.623448102597337,True,True
25mm_front_loaded,h0.750_o80,30.0,15.0,0.0008107198647452087,0.0013975831905203421,0.002186769625803842,0.0,,True,30.128081484520663,True,True
25mm_front_loaded,h0.750_o100,30.0,15.0,0.0011702258812204519,0.0018682532434539316,0.002186769625803842,0.0,,True,32.203295043290936,True,True
25mm_front_loaded,h0.900_o40,30.0,15.0,0.0002932004602993095,0.000554971110312654,0.002186769625803842,0.0,,True,22.22668952714031,True,True
25mm_front_loaded,h0.900_o60,30.0,15.0,0.0005472333812185392,0.000995932837273561,0.002186769625803842,0.0,,True,25.576377242676784,True,True
25mm_front_loaded,h0.900_o80,30.0,15.0,0.0008107198647452087,0.0013975831905203421,0.002186769625803842,0.0,,True,28.086577058163797,True,True
25mm_front_loaded,h0.900_o100,30.0,15.0,0.0011702258812204519,0.0018682532434539316,0.002186769625803842,0.0,,True,30.168518995511562,True,True
25mm_back_loaded,h0.150_o40,30.0,15.0,0.003792719077910569,0.0,0.0037927190779127786,0.038566616462773595,0.0,True,61.69197112722031,True,True
25mm_back_loaded,h0.150_o60,30.0,15.0,0.003792719077910569,0.0,0.0037927190779127786,0.06948031300968438,0.0,True,60.931640286257505,True,True
25mm_back_loaded,h0.150_o80,30.0,15.0,0.003792719077910569,0.0,0.0037927190779127786,0.10210868231170878,15.0,True,60.53600073656611,True,True
25mm_back_loaded,h0.150_o100,30.0,15.0,0.003792719077910569,0.0,0.0037927190779127786,0.130876869968084,15.0,True,60.16851046441403,True,True
25mm_back_loaded,h0.300_o40,30.0,15.0,0.018206429632321396,0.0,0.0037927190779127786,0.05152094032585097,0.0,True,54.99779499874222,True,False
25mm_back_loaded,h0.300_o60,30.0,15.0,0.02896975217567134,0.0,0.0037927190779127786,0.09278381348144649,0.0,True,54.38124119981467,True,False
25mm_back_loaded,h0.300_o80,30.0,15.0,0.04167285982960278,0.0,0.0037927190779127786,0.13295966130928694,0.0,True,53.94469126856407,True,False
25mm_back_loaded,h0.300_o100,30.0,15.0,0.0016516901521493024,0.002711631622686644,0.0037927190779127786,0.0,,True,42.365984197169126,True,True
25mm_back_loaded,h0.450_o40,30.0,15.0,0.0003764053495229105,0.0007131622895531304,0.0037927190779127786,0.0,,True,30.171154235691233,True,True
25mm_back_loaded,h0.450_o60,30.0,15.0,0.0007389821708193651,0.001350417425810316,0.0037927190779127786,0.0,,True,33.42963450086742,True,True
25mm_back_loaded,h0.450_o80,30.0,15.0,0.001167884727188653,0.0020374799509679433,0.0037927190779127786,0.0,,True,35.84188171690528,True,True
25mm_back_loaded,h0.450_o100,30.0,15.0,0.0016516901521493024,0.002711631622686644,0.0037927190779127786,0.0,,True,37.80470459760252,True,True
25mm_back_loaded,h0.600_o40,30.0,15.0,0.0003764053495229105,0.0007131622895531304,0.0037927190779127786,0.0,,True,26.93612178606344,True,True
25mm_back_loaded,h0.600_o60,30.0,15.0,0.0007389821708193651,0.001350417425810316,0.0037927190779127786,0.0,,True,30.199150010055575,True,True
25mm_back_loaded,h0.600_o80,30.0,15.0,0.001167884727188653,0.0020374799509679433,0.0037927190779127786,0.0,,True,32.60922288727883,True,True
25mm_back_loaded,h0.600_o100,30.0,15.0,0.0016516901521493024,0.002711631622686644,0.0037927190779127786,0.0,,True,34.576864103853566,True,True
25mm_back_loaded,h0.750_o40,30.0,15.0,0.0003764053495229105,0.0007131622895531304,0.0037927190779127786,0.0,,True,24.42548542014862,True,True
25mm_back_loaded,h0.750_o60,30.0,15.0,0.0007389821708193651,0.001350417425810316,0.0037927190779127786,0.0,,True,27.686093194955674,True,True
25mm_back_loaded,h0.750_o80,30.0,15.0,0.001167884727188653,0.0020374799509679433,0.0037927190779127786,0.0,,True,30.1051291197183,True,True
25mm_back_loaded,h0.750_o100,30.0,15.0,0.0016516901521493024,0.002711631622686644,0.0037927190779127786,0.0,,True,32.060508627901996,True,True
25mm_back_loaded,h0.900_o40,30.0,15.0,0.0003764053495229105,0.0007131622895531304,0.0037927190779127786,0.0,,True,22.37503683096378,True,True
25mm_back_loaded,h0.900_o60,30.0,15.0,0.0007389821708193651,0.001350417425810316,0.0037927190779127786,0.0,,True,25.639968734480334,True,True
25mm_back_loaded,h0.900_o80,30.0,15.0,0.001167884727188653,0.0020374799509679433,0.0037927190779127786,0.0,,True,28.0527716952804,True,True
25mm_back_loaded,h0.900_o100,30.0,15.0,0.0016516901521493024,0.002711631622686644,0.0037927190779127786,0.0,,True,30.023108294246015,True,True
50mm_uniform,h0.150_o40,30.0,15.0,0.00014617723198841526,0.0,0.00014617723198708725,0.04170083577869832,15.0,True,62.61285484059442,True,True
50mm_uniform,h0.150_o60,30.0,15.0,0.00014617723198841526,0.0,0.00014617723198708725,0.07772051267181723,0.0,True,62.28977699802272,True,True
50mm_uniform,h0.150_o80,30.0,15.0,0.00014617723198841526,0.0,0.00014617723198708725,0.11592629928429687,0.0,True,61.80654285379035,True,True
50mm_uniform,h0.150_o100,30.0,15.0,0.00014617723198841526,0.0,0.00014617723198708725,0.15395882900918423,15.0,True,61.527557226767726,True,True
50mm_uniform,h0.300_o40,30.0,15.0,0.00014617723198636273,0.0,0.00014617723198708725,0.056347780507678635,0.0,True,56.330184837879926,True,True
50mm_uniform,h0.300_o60,30.0,15.0,0.00014617723198636273,0.0,0.00014617723198708725,0.10449580017814242,15.0,True,55.809171951413816,True,True
50mm_uniform,h0.300_o80,30.0,15.0,0.00014617723198636273,0.0,0.00014617723198708725,0.15564910511838548,15.0,True,55.43643146291046,True,True
50mm_uniform,h0.300_o100,30.0,15.0,0.00014617723198648346,0.0,0.00014617723198708725,0.20256634932849238,0.0,True,55.06397010837745,True,True
50mm_uniform,h0.450_o40,30.0,15.0,0.00014617723197815388,0.0,0.00014617723198708725,0.06564197655721671,0.0,True,52.33005756505662,True,True
50mm_uniform,h0.450_o60,30.0,15.0,0.00014617723197815388,0.0,0.00014617723198708725,0.12052493552380383,15.0,True,51.805969466838064,True,True
50mm_uniform,h0.450_o80,30.0,15.0,0.00014617723197815388,0.0,0.00014617723198708725,0.17712906279148655,15.0,True,51.462123384888514,True,True
50mm_uniform,h0.450_o100,30.0,15.0,0.0001461772319782746,0.0,0.00014617723198708725,0.23038420753224642,15.0,True,51.340945206964506,True,True
50mm_uniform,h0.600_o40,30.0,15.0,0.00014617723197815388,0.0,0.00014617723198708725,0.07308098419952813,15.0,True,49.53394434123197,True,True
50mm_uniform,h0.600_o60,30.0,15.0,0.00014617723197815388,0.0,0.00014617723198708725,0.13272134900527277,15.0,True,48.9940437745652,True,True
50mm_uniform,h0.600_o80,30.0,15.0,0.0001461772319782746,0.0,0.00014617723198708725,0.19259791238551216,15.0,True,48.62863088829883,True,True
50mm_uniform,h0.600_o100,30.0,15.0,0.025336729603364833,0.0,0.00014617723198708725,0.2460474443524987,15.0,True,48.56793909246662,True,False
50mm_uniform,h0.750_o40,30.0,15.0,0.005373154334214269,0.0,0.00014617723198708725,0.08038241774241683,15.0,True,47.66521772838104,True,True
50mm_uniform,h0.750_o60,30.0,15.0,0.012781811619609746,0.0,0.00014617723198708725,0.1445036685123533,15.0,True,47.07678527728305,True,False
50mm_uniform,h0.750_o80,30.0,15.0,0.0007299278683214473,0.0013783386096290137,0.00014617723198708725,0.0,,True,33.115549915986264,True,True
50mm_uniform,h0.750_o100,30.0,15.0,0.0009927318427997382,0.0018288109939450386,0.00014617723198708725,0.0,,True,35.11981480561204,True,True
50mm_uniform,h0.900_o40,30.0,15.0,0.00024446683620780486,0.00047757401033696667,0.00014617723198708725,0.0,,True,25.324695969612776,True,True
50mm_uniform,h0.900_o60,30.0,15.0,0.000462168296461918,0.0008894058328321871,0.00014617723198708725,0.0,,True,28.618221648278563,True,True
50mm_uniform,h0.900_o80,30.0,15.0,0.0007299278683214473,0.0013783386096290137,0.00014617723198708725,0.0,,True,31.069404128487577,True,True
50mm_uniform,h0.900_o100,30.0,15.0,0.0009927318427997382,0.0018288109939450386,0.00014617723198708725,0.0,,True,33.065702850080925,True,True
50mm_front_loaded,h0.150_o40,30.0,15.0,0.0024444782129878747,0.0,0.002444478212986925,0.037830762879849544,0.0,True,59.53410703856434,True,True
50mm_front_loaded,h0.150_o60,30.0,15.0,0.0024444782129878747,0.0,0.002444478212986925,0.07023452921666262,15.0,True,59.276232044898336,True,True
50mm_front_loaded,h0.150_o80,30.0,15.0,0.0024444782129878747,0.0,0.002444478212986925,0.1045322021471975,15.0,True,58.87066427779075,True,True
50mm_front_loaded,h0.150_o100,30.0,15.0,0.0024444782129878747,0.0,0.002444478212986925,0.13648954466378882,0.0,True,58.61592589649618,True,True
50mm_front_loaded,h0.300_o40,30.0,15.0,0.0025473289615414456,0.0,0.002444478212986925,0.050979302595962395,15.0,True,53.32507648822258,True,True
50mm_front_loaded,h0.300_o60,30.0,15.0,0.002629067570309093,0.0,0.002444478212986925,0.09285118511637336,15.0,True,52.80576078204717,True,True
50mm_front_loaded,h0.300_o80,30.0,15.0,0.002675961388165079,0.0,0.002444478212986925,0.13586988457365123,15.0,True,52.37419247545816,True,True
50mm_front_loaded,h0.300_o100,30.0,15.0,0.004269321975906608,0.0,0.002444478212986925,0.1782029898758566,0.0,True,52.292393915065816,True,True
50mm_front_loaded,h0.450_o40,30.0,15.0,0.002537651177082546,0.0,0.002444478212986925,0.05833868676801046,15.0,True,49.27058527818815,True,True
50mm_front_loaded,h0.450_o60,30.0,15.0,0.006718940162917415,0.0,0.002444478212986925,0.10500097010933018,0.0,True,48.77890700138181,True,True
50mm_front_loaded,h0.450_o80,30.0,15.0,0.002934154676818435,0.0,0.002444478212986925,0.1540738039839198,15.0,True,48.703500863472016,True,True
50mm_front_loaded,h0.450_o100,30.0,15.0,0.013494247650122892,0.0,0.002444478212986925,0.1936230947293609,15.0,True,48.41675278016524,True,False
50mm_front_loaded,h0.600_o40,30.0,15.0,0.008446410839646422,0.0,0.002444478212986925,0.06401718671485668,0.0,True,46.45639747897832,True,True
50mm_front_loaded,h0.600_o60,30.0,15.0,0.002759966202973843,0.0,0.002444478212986925,0.11424629177992074,15.0,True,46.07666141887776,True,True
50mm_front_loaded,h0.600_o80,30.0,15.0,0.011204243978328608,0.0,0.002444478212986925,0.16138293962083594,0.0,True,45.80317052599483,True,False
50mm_front_loaded,h0.600_o100,30.0,15.0,0.021255209715029977,0.0,0.002444478212986925,0.1987764286124083,15.0,True,45.86575434443603,True,False
50mm_front_loaded,h0.750_o40,30.0,15.0,0.003265215401038571,0.0,0.002444478212986925,0.06959414478853887,15.0,True,44.578493550707776,True,True
50mm_front_loaded,h0.750_o60,30.0,15.0,0.030488396636939596,0.0,0.002444478212986925,0.12106091822053422,15.0,True,44.06531504995783,True,False
50mm_front_loaded,h0.750_o80,30.0,15.0,0.0005955502066471839,0.001124004312260512,0.002444478212986925,0.0,,True,32.8319464281563,True,True
50mm_front_loaded,h0.750_o100,30.0,15.0,0.0008160603227076685,0.0015015572690582149,0.002444478212986925,0.0,,True,34.82368039325365,True,True
50mm_front_loaded,h0.900_o40,30.0,15.0,0.00021137974942558277,0.00041292620287891157,0.002444478212986925,0.0,,True,25.083989881514412,True,True
50mm_front_loaded,h0.900_o60,30.0,15.0,0.0003889837998766555,0.0007484525407766092,0.002444478212986925,0.0,,True,28.349352554818807,True,True
50mm_front_loaded,h0.900_o80,30.0,15.0,0.0005955502066471839,0.001124004312260512,0.002444478212986925,0.0,,True,30.78795270951673,True,True
50mm_front_loaded,h0.900_o100,30.0,15.0,0.0008160603227076685,0.0015015572690582149,0.002444478212986925,0.0,,True,32.78204240549485,True,True
50mm_back_loaded,h0.150_o40,30.0,15.0,0.0033112266029331067,0.0,0.003311226602934403,0.043895954567744866,0.0,True,64.4755031926195,True,True
50mm_back_loaded,h0.150_o60,30.0,15.0,0.0033112266029331067,0.0,0.003311226602934403,0.08291184723159972,15.0,True,64.11432606853253,True,True
50mm_back_loaded,h0.150_o80,30.0,15.0,0.0033112266029331067,0.0,0.003311226602934403,0.12557044073446377,15.0,True,63.81988607293465,True,True
50mm_back_loaded,h0.150_o100,30.0,15.0,0.0033112266029331067,0.0,0.003311226602934403,0.16794510822077768,15.0,True,63.55764794879093,True,True
50mm_back_loaded,h0.300_o40,30.0,15.0,0.0033112266029331067,0.0,0.003311226602934403,0.06031600922241864,15.0,True,58.21605526563616,True,True
50mm_back_loaded,h0.300_o60,30.0,15.0,0.0033112266029331067,0.0,0.003311226602934403,0.11329361882475553,15.0,True,57.61074250534932,True,True
50mm_back_loaded,h0.300_o80,30.0,15.0,0.0033112266029329445,0.0,0.003311226602934403,0.17079107982931419,0.0,True,57.16997436917097,True,True
50mm_back_loaded,h0.300_o100,30.0,15.0,0.0033112266029331067,0.0,0.003311226602934403,0.23145223472822352,0.0,True,57.076202560478606,True,True
50mm_back_loaded,h0.450_o40,30.0,15.0,0.003311226602938612,0.0,0.003311226602934403,0.0709548042024295,0.0,True,54.17870627494494,True,True
50mm_back_loaded,h0.450_o60,30.0,15.0,0.003311226602938612,0.0,0.003311226602934403,0.1328682301305264,0.0,True,53.63560305333692,True,True
50mm_back_loaded,h0.450_o80,30.0,15.0,0.003311226602938612,0.0,0.003311226602934403,0.20006206376488933,0.0,True,53.27316840892209,True,True
50mm_back_loaded,h0.450_o100,30.0,15.0,0.003311226602938612,0.0,0.003311226602934403,0.26951953831364506,0.0,True,53.186199979695914,True,True
50mm_back_loaded,h0.600_o40,30.0,15.0,0.0026039335462749082,0.0,0.003311226602934403,0.07969269435522364,0.0,True,51.39935011621901,True,True
50mm_back_loaded,h0.600_o60,30.0,15.0,0.0026039335462749082,0.0,0.003311226602934403,0.14895541346264451,0.0,True,50.954253641469904,True,True
50mm_back_loaded,h0.600_o80,30.0,15.0,0.005218574810655036,0.0,0.003311226602934403,0.22214307957502655,15.0,True,50.50759857991878,True,True
50mm_back_loaded,h0.600_o100,30.0,15.0,0.029202210324257495,0.0,0.003311226602934403,0.29660374717705906,15.0,True,50.40829201071091,True,False
50mm_back_loaded,h0.750_o40,30.0,15.0,0.034951391967958205,0.0,0.003311226602934403,0.08714682369065585,0.0,True,49.34739192570703,True,False
50mm_back_loaded,h0.750_o60,30.0,15.0,0.04364899824675865,0.0,0.003311226602934403,0.16146870785644474,0.0,True,48.85885442266016,True,False
50mm_back_loaded,h0.750_o80,30.0,15.0,0.09050504329151988,0.0,0.003311226602934403,0.23718157293424746,15.0,True,48.56035532640348,True,False
50mm_back_loaded,h0.750_o100,30.0,15.0,0.0011572081961279382,0.0021426548543916264,0.003311226602934403,0.0,,True,34.99563037606279,True,True
50mm_back_loaded,h0.900_o40,30.0,15.0,0.0002642831659776016,0.0005163915349119345,0.003311226602934403,0.0,,True,25.367834735720862,True,True
50mm_back_loaded,h0.900_o60,30.0,15.0,0.0005127246540503323,0.0009874735221580434,0.003311226602934403,0.0,,True,28.61502147581234,True,True
50mm_back_loaded,h0.900_o80,30.0,15.0,0.0008224008647355773,0.0015563373899458806,0.003311226602934403,0.0,,True,31.01013861921942,True,True
50mm_back_loaded,h0.900_o100,30.0,15.0,0.0011572081961279382,0.0021426548543916264,0.003311226602934403,0.0,,True,32.958006605688084,True,True
100mm_uniform,h0.150_o40,30.0,15.0,4.5076569223262276e-05,0.0,4.5076569223740056e-05,0.04794325568661861,15.0,True,65.56339480117401,True,True
100mm_uniform,h0.150_o60,30.0,15.0,4.5076569223262276e-05,0.0,4.5076569223740056e-05,0.09159521571928053,0.0,True,65.13377667804292,True,True
100mm_uniform,h0.150_o80,30.0,15.0,4.5076569223262276e-05,0.0,4.5076569223740056e-05,0.14075238639975396,0.0,True,64.84481325682623,True,True
100mm_uniform,h0.150_o100,30.0,15.0,4.5076569223262276e-05,0.0,4.5076569223740056e-05,0.1913070430777566,15.0,True,64.51365674117042,True,True
100mm_uniform,h0.300_o40,30.0,15.0,4.50765692212318e-05,0.0,4.5076569223740056e-05,0.06476266135859987,0.0,True,58.93824812922759,True,True
100mm_uniform,h0.300_o60,30.0,15.0,4.50765692212318e-05,0.0,4.5076569223740056e-05,0.12600200325675814,15.0,True,58.76526261537833,True,True
100mm_uniform,h0.300_o80,30.0,15.0,4.50765692212318e-05,0.0,4.5076569223740056e-05,0.1959802693516508,0.0,True,58.570598234590676,True,True
100mm_uniform,h0.300_o100,30.0,15.0,4.50765692212318e-05,0.0,4.5076569223740056e-05,0.2669331327726354,0.0,True,58.10867588098816,True,True
100mm_uniform,h0.450_o40,30.0,15.0,4.50765692212318e-05,0.0,4.5076569223740056e-05,0.07694844741109819,0.0,True,55.24111190005101,True,True
100mm_uniform,h0.450_o60,30.0,15.0,4.50765692212318e-05,0.0,4.5076569223740056e-05,0.14881834029961283,0.0,True,55.00733026269984,True,True
100mm_uniform,h0.450_o80,30.0,15.0,4.50765692212318e-05,0.0,4.5076569223740056e-05,0.2295874535504936,0.0,True,54.6548764401372,True,True
100mm_uniform,h0.450_o100,30.0,15.0,4.50765692212318e-05,0.0,4.5076569223740056e-05,0.31070235524074974,0.0,True,54.24498018954438,True,True
100mm_uniform,h0.600_o40,30.0,15.0,4.50765692212318e-05,0.0,4.5076569223740056e-05,0.08711255457211564,15.0,True,52.73911407321066,True,True
100mm_uniform,h0.600_o60,30.0,15.0,4.50765692212318e-05,0.0,4.5076569223740056e-05,0.1654979681173927,15.0,True,52.181137732853244,True,True
100mm_uniform,h0.600_o80,30.0,15.0,4.50765692212318e-05,0.0,4.5076569223740056e-05,0.2542191540040051,0.0,True,51.87685038659566,True,True
100mm_uniform,h0.600_o100,30.0,15.0,4.50765692212318e-05,0.0,4.5076569223740056e-05,0.3421077169006139,0.0,True,51.48057674609561,True,True
100mm_uniform,h0.750_o40,30.0,15.0,4.5076569225292925e-05,0.0,4.5076569223740056e-05,0.09396380311181929,15.0,True,50.316077567052275,True,True
100mm_uniform,h0.750_o60,30.0,15.0,4.5076569225292925e-05,0.0,4.5076569223740056e-05,0.17913776514868118,0.0,True,50.00872532432368,True,True
100mm_uniform,h0.750_o80,30.0,15.0,4.5076569225292925e-05,0.0,4.5076569223740056e-05,0.27294548852196954,0.0,True,49.63270818736376,True,True
100mm_uniform,h0.750_o100,30.0,15.0,4.5076569225292925e-05,0.0,4.5076569223740056e-05,0.3700863442030311,0.0,True,49.468986110530366,True,True
100mm_uniform,h0.900_o40,30.0,15.0,4.5076569225292925e-05,0.0,4.5076569223740056e-05,0.1008221471274453,15.0,True,48.59800743014233,True,True
100mm_uniform,h0.900_o60,30.0,15.0,4.5076569225292925e-05,0.0,4.5076569223740056e-05,0.19029945234194656,15.0,True,48.13808629953513,True,True
100mm_uniform,h0.900_o80,30.0,15.0,4.5076569225292925e-05,0.0,4.5076569223740056e-05,0.28851031933027116,0.0,True,47.797878757550905,True,True
100mm_uniform,h0.900_o100,30.0,15.0,4.5076569225292925e-05,0.0,4.5076569223740056e-05,0.3890319941499314,0.0,True,47.66209514639925,True,True
100mm_front_loaded,h0.150_o40,30.0,15.0,0.002440135898231473,0.0,0.002440135898231475,0.04365091416099176,0.0,True,62.41640042129575,True,True
100mm_front_loaded,h0.150_o60,30.0,15.0,0.002440135898231473,0.0,0.002440135898231475,0.08329400207924209,0.0,True,62.181353202359446,True,True
100mm_front_loaded,h0.150_o80,30.0,15.0,0.002440135898231652,0.0,0.002440135898231475,0.1268222171034381,15.0,True,61.7874219896791,True,True
100mm_front_loaded,h0.150_o100,30.0,15.0,0.002440135898231473,0.0,0.002440135898231475,0.1718605675746403,15.0,True,61.47454599318891,True,True
100mm_front_loaded,h0.300_o40,30.0,15.0,0.002440135898231473,0.0,0.002440135898231475,0.05881322116425736,15.0,True,55.831205972856424,True,True
100mm_front_loaded,h0.300_o60,30.0,15.0,0.002440135898231473,0.0,0.002440135898231475,0.11399486007741189,15.0,True,55.75742133923427,True,True
100mm_front_loaded,h0.300_o80,30.0,15.0,0.002440135898231473,0.0,0.002440135898231475,0.17668786416243165,0.0,True,55.52631540697419,True,True
100mm_front_loaded,h0.300_o100,30.0,15.0,0.002440135898231473,0.0,0.002440135898231475,0.2387877814891226,0.0,True,55.17209812705701,True,True
100mm_front_loaded,h0.450_o40,30.0,15.0,0.002440135898231473,0.0,0.002440135898231475,0.07000274725515965,0.0,True,52.260360116655136,True,True
100mm_front_loaded,h0.450_o60,30.0,15.0,0.002440135898231473,0.0,0.002440135898231475,0.13389638685168848,15.0,True,51.95522847568981,True,True
100mm_front_loaded,h0.450_o80,30.0,15.0,0.002440135898231473,0.0,0.002440135898231475,0.20438967301203093,0.0,True,51.63239101241217,True,True
100mm_front_loaded,h0.450_o100,30.0,15.0,0.002440135898231473,0.0,0.002440135898231475,0.2771338104664949,15.0,True,51.33201165620136,True,True
100mm_front_loaded,h0.600_o40,30.0,15.0,0.0025980871557358424,0.0,0.002440135898231475,0.07817295041166972,0.0,True,49.494752486299376,True,True
100mm_front_loaded,h0.600_o60,30.0,15.0,0.0024774131567227384,0.0,0.002440135898231475,0.14801231871425102,15.0,True,49.17276764137526,True,True
100mm_front_loaded,h0.600_o80,30.0,15.0,0.003187382065058087,0.0,0.002440135898231475,0.22370523941353326,0.0,True,48.780513433156614,True,True
100mm_front_loaded,h0.600_o100,30.0,15.0,0.0037120559913983967,0.0,0.002440135898231475,0.30098990111403623,0.0,True,48.55212630229815,True,True
100mm_front_loaded,h0.750_o40,30.0,15.0,0.0028835729826019855,0.0,0.002440135898231475,0.08457235527131957,15.0,True,47.2783968719213,True,True
100mm_front_loaded,h0.750_o60,30.0,15.0,0.0028347819011247744,0.0,0.002440135898231475,0.15925603847145453,15.0,True,47.005074982000394,True,True
100mm_front_loaded,h0.750_o80,30.0,15.0,0.0027604391284969144,0.0,0.002440135898231475,0.2408712499327521,15.0,True,46.70666845752436,True,True
100mm_front_loaded,h0.750_o100,30.0,15.0,0.016188834433016466,0.0,0.002440135898231475,0.3218924946675372,0.0,True,46.48479147420694,True,False
100mm_front_loaded,h0.900_o40,30.0,15.0,0.002473716353277973,0.0,0.002440135898231475,0.08990130289600984,15.0,True,45.46881010627857,True,True
100mm_front_loaded,h0.900_o60,30.0,15.0,0.0024571350492292258,0.0,0.002440135898231475,0.1684018447742801,15.0,True,45.171955407024456,True,True
100mm_front_loaded,h0.900_o80,30.0,15.0,0.0061925681033506395,0.0,0.002440135898231475,0.25245178033057414,0.0,True,44.88163394050915,True,True
100mm_front_loaded,h0.900_o100,30.0,15.0,0.006597870175580953,0.0,0.002440135898231475,0.3332165546534327,0.0,True,44.653888668060304,True,True
100mm_back_loaded,h0.150_o40,30.0,15.0,0.003109434229755422,0.0,0.0031094342297560613,0.04932818009200446,15.0,True,67.25309958671062,True,True
100mm_back_loaded,h0.150_o60,30.0,15.0,0.003109434229755422,0.0,0.0031094342297560613,0.09555764952744994,0.0,True,67.17682660644613,True,True
100mm_back_loaded,h0.150_o80,30.0,15.0,0.003109434229755262,0.0,0.0031094342297560613,0.14664427121351764,15.0,True,66.68980429508338,True,True
100mm_back_loaded,h0.150_o100,30.0,15.0,0.003109434229755422,0.0,0.0031094342297560613,0.19988780863599231,0.0,True,66.38509168912634,True,True
100mm_back_loaded,h0.300_o40,30.0,15.0,0.003109434229756702,0.0,0.0031094342297560613,0.06771728787106213,15.0,True,60.73273031508819,True,True
100mm_back_loaded,h0.300_o60,30.0,15.0,0.003109434229756702,0.0,0.0031094342297560613,0.1332376824876178,15.0,True,60.85148214063878,True,True
100mm_back_loaded,h0.300_o80,30.0,15.0,0.003109434229756702,0.0,0.0031094342297560613,0.205996832992696,0.0,True,60.347864303810184,True,True
100mm_back_loaded,h0.300_o100,30.0,15.0,0.003109434229756702,0.0,0.0031094342297560613,0.28525030058779066,0.0,True,60.13631212947814,True,True
100mm_back_loaded,h0.450_o40,30.0,15.0,0.003109434229756702,0.0,0.0031094342297560613,0.08158660817389318,15.0,True,57.278931927641,True,True
100mm_back_loaded,h0.450_o60,30.0,15.0,0.003109434229756702,0.0,0.0031094342297560613,0.15694989530743442,15.0,True,56.77118071316585,True,True
100mm_back_loaded,h0.450_o80,30.0,15.0,0.003109434229756702,0.0,0.0031094342297560613,0.24444102660191902,15.0,True,56.45345694137447,True,True
100mm_back_loaded,h0.450_o100,30.0,15.0,0.003109434229756702,0.0,0.0031094342297560613,0.33950247890328455,0.0,True,56.32133263265828,True,True
100mm_back_loaded,h0.600_o40,30.0,15.0,0.003109434229756702,0.0,0.0031094342297560613,0.09151444964646771,15.0,True,54.383387814758066,True,True
100mm_back_loaded,h0.600_o60,30.0,15.0,0.003109434229756702,0.0,0.0031094342297560613,0.17670977424495504,15.0,True,54.0144668684988,True,True
100mm_back_loaded,h0.600_o80,30.0,15.0,0.003109434229756702,0.0,0.0031094342297560613,0.2740556133192342,0.0,True,53.68022705516822,True,True
100mm_back_loaded,h0.600_o100,30.0,15.0,0.003109434229756702,0.0,0.0031094342297560613,0.3801618791195267,15.0,True,53.5635630803867,True,True
100mm_back_loaded,h0.750_o40,30.0,15.0,0.0031094342297594045,0.0,0.0031094342297560613,0.10032855533609109,15.0,True,52.2504517308505,True,True
100mm_back_loaded,h0.750_o60,30.0,15.0,0.0031094342297594045,0.0,0.0031094342297560613,0.1954363099300167,15.0,True,52.119692890531866,True,True
100mm_back_loaded,h0.750_o80,30.0,15.0,0.0031094342297594045,0.0,0.0031094342297560613,0.3007592298143038,0.0,True,51.693852668503126,True,True
100mm_back_loaded,h0.750_o100,30.0,15.0,0.0031094342297594045,0.0,0.0031094342297560613,0.4066496992503801,15.0,True,51.17415673495174,True,True
100mm_back_loaded,h0.900_o40,30.0,15.0,0.0031094342297594045,0.0,0.0031094342297560613,0.10804840142520789,15.0,True,50.479887700318216,True,True
100mm_back_loaded,h0.900_o60,30.0,15.0,0.0031094342297594045,0.0,0.0031094342297560613,0.20834649624876533,0.0,True,50.20773316771212,True,True
100mm_back_loaded,h0.900_o80,30.0,15.0,0.0031094342297594045,0.0,0.0031094342297560613,0.32056406908560575,0.0,True,49.80055729005102,True,True
100mm_back_loaded,h0.900_o100,30.0,15.0,0.0031094342297594045,0.0,0.0031094342297560613,0.43772075117860254,0.0,True,49.559026329682965,True,True
25mm_uniform,h0.150_o40,15.0,7.5,0.00020399609242179192,0.0,0.0002039960924122954,0.017560424467490066,0.0,True,29.845628104993693,True,True
25mm_uniform,h0.150_o60,15.0,7.5,0.00020399609242179192,0.0,0.0002039960924122954,0.031170816151231406,7.5,True,29.54879511736408,True,True
25mm_uniform,h0.150_o80,15.0,7.5,0.00020399609242179192,0.0,0.0002039960924122954,0.04435181705528635,7.5,True,29.351974427186178,True,True
25mm_uniform,h0.150_o100,15.0,7.5,0.0002039960924217919,0.0,0.0002039960924122954,0.05496428537896847,0.0,True,29.183706921324415,True,True
25mm_uniform,h0.300_o40,15.0,7.5,0.0002063460924798707,0.0,0.0002039960924122954,0.023239193418703508,0.0,True,26.59613116713473,True,True
25mm_uniform,h0.300_o60,15.0,7.5,0.0020850980874971966,0.0,0.0002039960924122954,0.04039868367188326,7.5,True,26.28392094504335,True,True
25mm_uniform,h0.300_o80,15.0,7.5,0.022036192988861968,0.0,0.0002039960924122954,0.054530973195675236,0.0,True,26.06665509376853,True,False
25mm_uniform,h0.300_o100,15.0,7.5,0.0006999037461321662,0.0011269712919180941,0.0002039960924122954,0.0,,True,21.347187317397953,True,True
25mm_uniform,h0.450_o40,15.0,7.5,0.0001727545266694061,0.0003270991421328167,0.0002039960924122954,0.0,,True,15.13400447269504,True,True
25mm_uniform,h0.450_o60,15.0,7.5,0.0003270503806768086,0.0005960200711303797,0.0002039960924122954,0.0,,True,16.800950121621128,True,True
25mm_uniform,h0.450_o80,15.0,7.5,0.000506903290103718,0.0008772897570863718,0.0002039960924122954,0.0,,True,18.044682224374498,True,True
25mm_uniform,h0.450_o100,15.0,7.5,0.0006999037461321662,0.0011269712919180941,0.0002039960924122954,0.0,,True,19.066647227742806,True,True
25mm_uniform,h0.600_o40,15.0,7.5,0.0001727545266694061,0.0003270991421328167,0.0002039960924122954,0.0,,True,13.516621686734709,True,True
25mm_uniform,h0.600_o60,15.0,7.5,0.0003270503806768086,0.0005960200711303797,0.0002039960924122954,0.0,,True,15.183747095873912,True,True
25mm_uniform,h0.600_o80,15.0,7.5,0.000506903290103718,0.0008772897570863718,0.0002039960924122954,0.0,,True,16.42734803585384,True,True
25mm_uniform,h0.600_o100,15.0,7.5,0.0006999037461321662,0.0011269712919180941,0.0002039960924122954,0.0,,True,17.44766246722307,True,True
25mm_uniform,h0.750_o40,15.0,7.5,0.0001727545266694061,0.0003270991421328167,0.0002039960924122954,0.0,,True,12.261790790148552,True,True
25mm_uniform,h0.750_o60,15.0,7.5,0.0003270503806768086,0.0005960200711303797,0.0002039960924122954,0.0,,True,13.929303249935288,True,True
25mm_uniform,h0.750_o80,15.0,7.5,0.000506903290103718,0.0008772897570863718,0.0002039960924122954,0.0,,True,15.17421608306293,True,True
25mm_uniform,h0.750_o100,15.0,7.5,0.0006999037461321662,0.0011269712919180941,0.0002039960924122954,0.0,,True,16.19569595102739,True,True
25mm_uniform,h0.900_o40,15.0,7.5,0.0001727545266694061,0.0003270991421328167,0.0002039960924122954,0.0,,True,11.236466073268048,True,True
25mm_uniform,h0.900_o60,15.0,7.5,0.0003270503806768086,0.0005960200711303797,0.0002039960924122954,0.0,,True,12.903407451511129,True,True
25mm_uniform,h0.900_o80,15.0,7.5,0.000506903290103718,0.0008772897570863718,0.0002039960924122954,0.0,,True,14.14970692867037,True,True
25mm_uniform,h0.900_o100,15.0,7.5,0.0006999037461321662,0.0011269712919180941,0.0002039960924122954,0.0,,True,15.171912559483047,True,True
25mm_front_loaded,h0.150_o40,15.0,7.5,0.01351713497064229,0.0,0.0010864390566288494,0.01560462086038683,0.0,True,28.305691547177503,True,False
25mm_front_loaded,h0.150_o60,15.0,7.5,0.0014776800549410605,0.0,0.0010864390566288494,0.02737647918924324,0.0,True,28.1145377525732,True,True
25mm_front_loaded,h0.150_o80,15.0,7.5,0.001653545328724984,0.0,0.0010864390566288494,0.03805851027910023,0.0,True,27.894080467058302,True,True
25mm_front_loaded,h0.150_o100,15.0,7.5,0.0018114246790975283,0.0,0.0010864390566288494,0.046935711860545126,0.0,True,27.828419597363308,True,True
25mm_front_loaded,h0.300_o40,15.0,7.5,0.005780636990105968,0.0,0.0010864390566288494,0.019971409130052464,0.0,True,25.0565331715336,True,True
25mm_front_loaded,h0.300_o60,15.0,7.5,0.0015639690636182135,0.0,0.0010864390566288494,0.033299459712916146,7.5,True,24.794788073656093,True,True
25mm_front_loaded,h0.300_o80,15.0,7.5,0.0004073194479346774,0.0007023935201313109,0.0010864390566288494,0.0,,True,20.23278200814289,True,True
25mm_front_loaded,h0.300_o100,15.0,7.5,0.00058367988106862,0.0009323475995058248,0.0010864390566288494,0.0,,True,21.27311498528357,True,True
25mm_front_loaded,h0.450_o40,15.0,7.5,0.0001465737563459873,0.0002774601997563618,0.0010864390566288494,0.0,,True,15.026126028584486,True,True
25mm_front_loaded,h0.450_o60,15.0,7.5,0.00026776274929098045,0.0004874047575146431,0.0010864390566288494,0.0,,True,16.69968223518623,True,True
25mm_front_loaded,h0.450_o80,15.0,7.5,0.0004073194479346774,0.0007023935201313109,0.0010864390566288494,0.0,,True,17.954236075001262,True,True
25mm_front_loaded,h0.450_o100,15.0,7.5,0.00058367988106862,0.0009323475995058248,0.0010864390566288494,0.0,,True,18.99546199750759,True,True
25mm_front_loaded,h0.600_o40,15.0,7.5,0.0001465737563459873,0.0002774601997563618,0.0010864390566288494,0.0,,True,13.409232054495135,True,True
25mm_front_loaded,h0.600_o60,15.0,7.5,0.00026776274929098045,0.0004874047575146431,0.0010864390566288494,0.0,,True,15.08236048840601,True,True
25mm_front_loaded,h0.600_o80,15.0,7.5,0.0004073194479346774,0.0007023935201313109,0.0010864390566288494,0.0,,True,16.336939076207102,True,True
25mm_front_loaded,h0.600_o100,15.0,7.5,0.00058367988106862,0.0009323475995058248,0.0010864390566288494,0.0,,True,17.378455177714258,True,True
25mm_front_loaded,h0.750_o40,15.0,7.5,0.0001465737563459873,0.0002774601997563618,0.0010864390566288494,0.0,,True,12.153486410232972,True,True
25mm_front_loaded,h0.750_o60,15.0,7.5,0.00026776274929098045,0.0004874047575146431,0.0010864390566288494,0.0,,True,13.827791025568104,True,True
25mm_front_loaded,h0.750_o80,15.0,7.5,0.0004073194479346774,0.0007023935201313109,0.0010864390566288494,0.0,,True,15.082022935482797,True,True
25mm_front_loaded,h0.750_o100,15.0,7.5,0.00058367988106862,0.0009323475995058248,0.0010864390566288494,0.0,,True,16.123300299454613,True,True
25mm_front_loaded,h0.900_o40,15.0,7.5,0.0001465737563459873,0.0002774601997563618,0.0010864390566288494,0.0,,True,11.129054530567828,True,True
25mm_front_loaded,h0.900_o60,15.0,7.5,0.00026776274929098045,0.0004874047575146431,0.0010864390566288494,0.0,,True,12.800580639498804,True,True
25mm_front_loaded,h0.900_o80,15.0,7.5,0.0004073194479346774,0.0007023935201313109,0.0010864390566288494,0.0,,True,14.05572418305887,True,True
25mm_front_loaded,h0.900_o100,15.0,7.5,0.00058367988106862,0.0009323475995058248,0.0010864390566288494,0.0,,True,15.097261875202506,True,True
25mm_back_loaded,h0.150_o40,15.0,7.5,0.0018927740532960159,0.0,0.0018927740532948272,0.019143061366285963,0.0,True,30.772493595566175,True,True
25mm_back_loaded,h0.150_o60,15.0,7.5,0.0018927740532960159,0.0,0.0018927740532948272,0.0347838737769095,7.5,True,30.482769672006782,True,True
25mm_back_loaded,h0.150_o80,15.0,7.5,0.0018927740532960159,0.0,0.0018927740532948272,0.05080164291192091,7.5,True,30.25823384234627,True,True
25mm_back_loaded,h0.150_o100,15.0,7.5,0.0018927740532960159,0.0,0.0018927740532948272,0.06552064834000504,0.0,True,30.100408059279715,True,True
25mm_back_loaded,h0.300_o40,15.0,7.5,0.011548481183990012,0.0,0.0018927740532948272,0.02579125729615228,7.5,True,27.51957305966215,True,False
25mm_back_loaded,h0.300_o60,15.0,7.5,0.020901684080310807,0.0,0.0018927740532948272,0.04638648524343125,7.5,True,27.197204136004416,True,False
25mm_back_loaded,h0.300_o80,15.0,7.5,0.02068833903946942,0.0,0.0018927740532948272,0.06648380680439203,0.0,True,26.983770261839624,True,False
25mm_back_loaded,h0.300_o100,15.0,7.5,0.0008319319440021623,0.0013668001375456236,0.0018927740532948272,0.0,,True,21.198482986091705,True,True
25mm_back_loaded,h0.450_o40,15.0,7.5,0.0001895892099021464,0.0003592489761179834,0.0018927740532948272,0.0,,True,15.092443204156325,True,True
25mm_back_loaded,h0.450_o60,15.0,7.5,0.00036781991469981754,0.0006723231728467154,0.0018927740532948272,0.0,,True,16.724348958864255,True,True
25mm_back_loaded,h0.450_o80,15.0,7.5,0.0005835197222470446,0.0010184574681550902,0.0018927740532948272,0.0,,True,17.93277923928187,True,True
25mm_back_loaded,h0.450_o100,15.0,7.5,0.0008319319440021623,0.0013668001375456236,0.0018927740532948272,0.0,,True,18.919657059609563,True,True
25mm_back_loaded,h0.600_o40,15.0,7.5,0.0001895892099021464,0.0003592489761179834,0.0018927740532948272,0.0,,True,13.475106591936026,True,True
25mm_back_loaded,h0.600_o60,15.0,7.5,0.00036781991469981754,0.0006723231728467154,0.0018927740532948272,0.0,,True,15.106037938160455,True,True
25mm_back_loaded,h0.600_o80,15.0,7.5,0.0005835197222470446,0.0010184574681550902,0.0018927740532948272,0.0,,True,16.315507193263556,True,True
25mm_back_loaded,h0.600_o100,15.0,7.5,0.0008319319440021623,0.0013668001375456236,0.0018927740532948272,0.0,,True,17.303337127521345,True,True
25mm_back_loaded,h0.750_o40,15.0,7.5,0.0001895892099021464,0.0003592489761179834,0.0018927740532948272,0.0,,True,12.220244166420002,True,True
25mm_back_loaded,h0.750_o60,15.0,7.5,0.00036781991469981754,0.0006723231728467154,0.0018927740532948272,0.0,,True,13.851594616122753,True,True
25mm_back_loaded,h0.750_o80,15.0,7.5,0.0005835197222470446,0.0010184574681550902,0.0018927740532948272,0.0,,True,15.059989864032275,True,True
25mm_back_loaded,h0.750_o100,15.0,7.5,0.0008319319440021623,0.0013668001375456236,0.0018927740532948272,0.0,,True,16.046534050081362,True,True
25mm_back_loaded,h0.900_o40,15.0,7.5,0.0001895892099021464,0.0003592489761179834,0.0018927740532948272,0.0,,True,11.194974701790272,True,True
25mm_back_loaded,h0.900_o60,15.0,7.5,0.00036781991469981754,0.0006723231728467154,0.0018927740532948272,0.0,,True,12.827695101649539,True,True
25mm_back_loaded,h0.900_o80,15.0,7.5,0.0005835197222470446,0.0010184574681550902,0.0018927740532948272,0.0,,True,14.036779314082892,True,True
25mm_back_loaded,h0.900_o100,15.0,7.5,0.0008319319440021623,0.0013668001375456236,0.0018927740532948272,0.0,,True,15.022852684988308,True,True
50mm_uniform,h0.150_o40,15.0,7.5,7.132348132700853e-05,0.0,7.132348132676713e-05,0.020821230448632377,7.5,True,31.328836673847604,True,True
50mm_uniform,h0.150_o60,15.0,7.5,7.132348132700853e-05,0.0,7.132348132676713e-05,0.03894244547709036,7.5,True,31.153726959880146,True,True
50mm_uniform,h0.150_o80,15.0,7.5,7.132348132700853e-05,0.0,7.132348132676713e-05,0.05813775414765132,0.0,True,30.959318916642076,True,True
50mm_uniform,h0.150_o100,15.0,7.5,7.132348132700853e-05,0.0,7.132348132676713e-05,0.07658601638978269,7.5,True,30.774402197975093,True,True
50mm_uniform,h0.300_o40,15.0,7.5,7.132348132700853e-05,0.0,7.132348132676713e-05,0.02794227744033151,0.0,True,28.08718763503606,True,True
50mm_uniform,h0.300_o60,15.0,7.5,7.132348132700853e-05,0.0,7.132348132676713e-05,0.05205887384450136,0.0,True,27.89634775048171,True,True
50mm_uniform,h0.300_o80,15.0,7.5,7.132348132700853e-05,0.0,7.132348132676713e-05,0.07719563315033895,0.0,True,27.676338232364373,True,True
50mm_uniform,h0.300_o100,15.0,7.5,7.132348132700852e-05,0.0,7.132348132676713e-05,0.10121643497625143,7.5,True,27.545965939658856,True,True
50mm_uniform,h0.450_o40,15.0,7.5,7.132348131880024e-05,0.0,7.132348132676713e-05,0.032802205092593795,0.0,True,26.174796675806533,True,True
50mm_uniform,h0.450_o60,15.0,7.5,7.132348131880024e-05,0.0,7.132348132676713e-05,0.060378217410615775,0.0,True,25.94781129367476,True,True
50mm_uniform,h0.450_o80,15.0,7.5,7.132348131880024e-05,0.0,7.132348132676713e-05,0.08853722958947685,0.0,True,25.740690653324094,True,True
50mm_uniform,h0.450_o100,15.0,7.5,7.132348131880023e-05,0.0,7.132348132676713e-05,0.11357040579932942,7.5,True,25.59641039530476,True,True
50mm_uniform,h0.600_o40,15.0,7.5,7.132348131880024e-05,0.0,7.132348132676713e-05,0.03650483004866345,7.5,True,24.77638661329422,True,True
50mm_uniform,h0.600_o60,15.0,7.5,7.132348131880024e-05,0.0,7.132348132676713e-05,0.06690978945972148,0.0,True,24.588403971220885,True,True
50mm_uniform,h0.600_o80,15.0,7.5,7.132348131880023e-05,0.0,7.132348132676713e-05,0.09666936033103823,7.5,True,24.36711540429428,True,True
50mm_uniform,h0.600_o100,15.0,7.5,0.006905430790245306,0.0,7.132348132676713e-05,0.12029526047099637,0.0,True,24.180229651987162,True,True
50mm_uniform,h0.750_o40,15.0,7.5,0.0025508759334295725,0.0,7.132348132676713e-05,0.03979621735545891,7.5,True,23.74591804734223,True,True
50mm_uniform,h0.750_o60,15.0,7.5,0.026003588960979557,0.0,7.132348132676713e-05,0.07203650769688252,7.5,True,23.527434704468675,True,False
50mm_uniform,h0.750_o80,15.0,7.5,0.000359512274049663,0.0006790281033963593,7.132348132676713e-05,0.0,,True,16.57292172835909,True,True
50mm_uniform,h0.750_o100,15.0,7.5,0.0004969097826447406,0.000915707425811581,7.132348132676713e-05,0.0,,True,17.57685375647995,True,True
50mm_uniform,h0.900_o40,15.0,7.5,0.00012209696450616754,0.00023853638860674186,7.132348132676713e-05,0.0,,True,12.673613791500316,True,True
50mm_uniform,h0.900_o60,15.0,7.5,0.00023324589420859254,0.000448922357280381,7.132348132676713e-05,0.0,,True,14.319881635709919,True,True
50mm_uniform,h0.900_o80,15.0,7.5,0.000359512274049663,0.0006790281033963593,7.132348132676713e-05,0.0,,True,15.546618268964352,True,True
50mm_uniform,h0.900_o100,15.0,7.5,0.0004969097826447406,0.000915707425811581,7.132348132676713e-05,0.0,,True,16.548695652468126,True,True
50mm_front_loaded,h0.150_o40,15.0,7.5,0.0012280641797688188,0.0,0.0012280641797661653,0.018959512052731498,7.5,True,29.80958293077549,True,True
50mm_front_loaded,h0.150_o60,15.0,7.5,0.0012280641797688188,0.0,0.0012280641797661653,0.03494815469400692,0.0,True,29.598711061625238,True,True
50mm_front_loaded,h0.150_o80,15.0,7.5,0.0012280641797688188,0.0,0.0012280641797661653,0.05190016644002071,7.5,True,29.419155060095648,True,True
50mm_front_loaded,h0.150_o100,15.0,7.5,0.0012280641797688188,0.0,0.0012280641797661653,0.06817262405186852,7.5,True,29.318310121711733,True,True
50mm_front_loaded,h0.300_o40,15.0,7.5,0.0012600429021370609,0.0,0.0012280641797661653,0.025214983426124604,7.5,True,26.580271181310877,True,True
50mm_front_loaded,h0.300_o60,15.0,7.5,0.0016408862314630606,0.0,0.0012280641797661653,0.04592248306489921,0.0,True,26.329650714339436,True,True
50mm_front_loaded,h0.300_o80,15.0,7.5,0.001851819408545504,0.0,0.0012280641797661653,0.06778013273498118,0.0,True,26.203087327765218,True,True
50mm_front_loaded,h0.300_o100,15.0,7.5,0.0028278043181293295,0.0,0.0012280641797661653,0.08828967911685481,7.5,True,26.11172451396442,True,True
50mm_front_loaded,h0.450_o40,15.0,7.5,0.00301421748061797,0.0,0.0012280641797661653,0.029056417423731773,0.0,True,24.607477733285066,True,True
50mm_front_loaded,h0.450_o60,15.0,7.5,0.00325532092990581,0.0,0.0012280641797661653,0.05268282798580515,0.0,True,24.437725622817652,True,True
50mm_front_loaded,h0.450_o80,15.0,7.5,0.005921759958934422,0.0,0.0012280641797661653,0.07592482252223931,7.5,True,24.265068305177806,True,True
50mm_front_loaded,h0.450_o100,15.0,7.5,0.0015234624694618736,0.0,0.0012280641797661653,0.09657850442184213,7.5,True,24.21664659942877,True,True
50mm_front_loaded,h0.600_o40,15.0,7.5,0.0012630120720051243,0.0,0.0012280641797661653,0.03218110297373045,7.5,True,23.291607815399118,True,True
50mm_front_loaded,h0.600_o60,15.0,7.5,0.004487635624510789,0.0,0.0012280641797661653,0.05689288707275608,0.0,True,23.028601507882485,True,True
50mm_front_loaded,h0.600_o80,15.0,7.5,0.005543180086660434,0.0,0.0012280641797661653,0.08053806287729515,0.0,True,22.90744067188797,True,True
50mm_front_loaded,h0.600_o100,15.0,7.5,0.006038949204080027,0.0,0.0012280641797661653,0.09917252251989606,0.0,True,22.941217067865693,True,True
50mm_front_loaded,h0.750_o40,15.0,7.5,0.006294291549380051,0.0,0.0012280641797661653,0.03453842235158788,0.0,True,22.23689783406968,True,True
50mm_front_loaded,h0.750_o60,15.0,7.5,0.0025083179930354255,0.0,0.0012280641797661653,0.059836475899448516,7.5,True,21.963709243203766,True,True
50mm_front_loaded,h0.750_o80,15.0,7.5,0.0002930387179758027,0.0005531651290363201,0.0012280641797661653,0.0,,True,16.432636203575157,True,True
50mm_front_loaded,h0.750_o100,15.0,7.5,0.0004080568098573729,0.0007510308103330399,0.0012280641797661653,0.0,,True,17.43482570437358,True,True
50mm_front_loaded,h0.900_o40,15.0,7.5,0.00010486308460413711,0.00020485989504407697,0.0012280641797661653,0.0,,True,12.556402441127545,True,True
50mm_front_loaded,h0.900_o60,15.0,7.5,0.00019384586085828632,0.00037302512476227394,0.0012280641797661653,0.0,,True,14.18929936197344,True,True
50mm_front_loaded,h0.900_o80,15.0,7.5,0.0002930387179758027,0.0005531651290363201,0.0012280641797661653,0.0,,True,15.407402739671028,True,True
50mm_front_loaded,h0.900_o100,15.0,7.5,0.0004080568098573729,0.0007510308103330399,0.0012280641797661653,0.0,,True,16.410478714905707,True,True
50mm_back_loaded,h0.150_o40,15.0,7.5,0.0016533030602832888,0.0,0.001653303060281992,0.022028336728482145,0.0,True,32.302014471650864,True,True
50mm_back_loaded,h0.150_o60,15.0,7.5,0.0016533030602832888,0.0,0.001653303060281992,0.04142916528326168,7.5,True,32.0812941029871,True,True
50mm_back_loaded,h0.150_o80,15.0,7.5,0.0016533030602832888,0.0,0.001653303060281992,0.06249302959801639,0.0,True,31.878499181306097,True,True
50mm_back_loaded,h0.150_o100,15.0,7.5,0.0016533030602832888,0.0,0.001653303060281992,0.08375760955857459,7.5,True,31.749602203427685,True,True
50mm_back_loaded,h0.300_o40,15.0,7.5,0.0016533030602832888,0.0,0.001653303060281992,0.02999844470447499,0.0,True,29.029590636253033,True,True
50mm_back_loaded,h0.300_o60,15.0,7.5,0.0016533030602832888,0.0,0.001653303060281992,0.05658062551653131,0.0,True,28.81897989126827,True,True
50mm_back_loaded,h0.300_o80,15.0,7.5,0.001653303060283451,0.0,0.001653303060281992,0.08598939986950427,7.5,True,28.65217215016358,True,True
50mm_back_loaded,h0.300_o100,15.0,7.5,0.0016533030602832888,0.0,0.001653303060281992,0.1151458391887843,7.5,True,28.504012802940792,True,True
50mm_back_loaded,h0.450_o40,15.0,7.5,0.0016533030602667643,0.0,0.001653303060281992,0.03556040511702463,7.5,True,27.110461943426856,True,True
50mm_back_loaded,h0.450_o60,15.0,7.5,0.0016533030602667643,0.0,0.001653303060281992,0.06717245945876016,0.0,True,26.943647017100147,True,True
50mm_back_loaded,h0.450_o80,15.0,7.5,0.0016533030602667643,0.0,0.001653303060281992,0.10086588433505028,7.5,True,26.718692398691957,True,True
50mm_back_loaded,h0.450_o100,15.0,7.5,0.0016533030602667643,0.0,0.001653303060281992,0.1335018803184269,0.0,True,26.539863551064258,True,True
50mm_back_loaded,h0.600_o40,15.0,7.5,0.0012885031298010582,0.0,0.001653303060281992,0.04009779370358757,0.0,True,25.78307241190032,True,True
50mm_back_loaded,h0.600_o60,15.0,7.5,0.0012885031298010582,0.0,0.001653303060281992,0.07475301348708996,7.5,True,25.51225567753761,True,True
50mm_back_loaded,h0.600_o80,15.0,7.5,0.005240524562380851,0.0,0.001653303060281992,0.11193882989230985,7.5,True,25.320238345717172,True,True
50mm_back_loaded,h0.600_o100,15.0,7.5,0.005140594546863933,0.0,0.001653303060281992,0.14629306413980814,7.5,True,25.13739716578627,True,True
50mm_back_loaded,h0.750_o40,15.0,7.5,0.016923759029124286,0.0,0.001653303060281992,0.043704958611925804,0.0,True,24.71138943216573,True,False
50mm_back_loaded,h0.750_o60,15.0,7.5,0.03515847714581571,0.0,0.001653303060281992,0.08058866141490739,7.5,True,24.41942457084778,True,False
50mm_back_loaded,h0.750_o80,15.0,7.5,0.026786527529560348,0.0,0.001653303060281992,0.11782504653759251,0.0,True,24.23542829252554,True,False
50mm_back_loaded,h0.750_o100,15.0,7.5,0.0005730864328403465,0.0010615126664619947,0.001653303060281992,0.0,,True,17.517398136068962,True,True
50mm_back_loaded,h0.900_o40,15.0,7.5,0.0001322707922039536,0.0002584668703235072,0.001653303060281992,0.0,,True,12.69018303541003,True,True
50mm_back_loaded,h0.900_o60,15.0,7.5,0.0002573175173266593,0.0004956491709284951,0.001653303060281992,0.0,,True,14.314424671875514,True,True
50mm_back_loaded,h0.900_o80,15.0,7.5,0.0004083439849108034,0.0007729573085522248,0.001653303060281992,0.0,,True,15.51680353188516,True,True
50mm_back_loaded,h0.900_o100,15.0,7.5,0.0005730864328403465,0.0010615126664619947,0.001653303060281992,0.0,,True,16.491575366741174,True,True
100mm_uniform,h0.150_o40,15.0,7.5,2.1892585899644698e-05,0.0,2.189258589952526e-05,0.023704457466863005,7.5,True,32.66677834108975,True,True
100mm_uniform,h0.150_o60,15.0,7.5,2.1892585899644698e-05,0.0,2.189258589952526e-05,0.045828351111481425,0.0,True,32.62816281803538,True,True
100mm_uniform,h0.150_o80,15.0,7.5,2.1892585899644698e-05,0.0,2.189258589952526e-05,0.0704844356756098,7.5,True,32.439721530245436,True,True
100mm_uniform,h0.150_o100,15.0,7.5,2.1892585899644698e-05,0.0,2.189258589952526e-05,0.09589012256770957,0.0,True,32.30849558004323,True,True
100mm_uniform,h0.300_o40,15.0,7.5,2.1892585901675216e-05,0.0,2.189258589952526e-05,0.032410940541637956,7.5,True,29.490577718820532,True,True
100mm_uniform,h0.300_o60,15.0,7.5,2.1892585901675216e-05,0.0,2.189258589952526e-05,0.06272688702802043,7.5,True,29.37524052802729,True,True
100mm_uniform,h0.300_o80,15.0,7.5,2.1892585901675216e-05,0.0,2.189258589952526e-05,0.09740401769437312,7.5,True,29.224364673107317,True,True
100mm_uniform,h0.300_o100,15.0,7.5,2.1892585901675216e-05,0.0,2.189258589952526e-05,0.13367770916102018,0.0,True,29.097684784793643,True,True
100mm_uniform,h0.450_o40,15.0,7.5,2.1892585893553325e-05,0.0,2.189258589952526e-05,0.03844446330458595,7.5,True,27.62801211004131,True,True
100mm_uniform,h0.450_o60,15.0,7.5,2.1892585893553325e-05,0.0,2.189258589952526e-05,0.07416840105287292,0.0,True,27.494160557876057,True,True
100mm_uniform,h0.450_o80,15.0,7.5,2.1892585893553325e-05,0.0,2.189258589952526e-05,0.11434697528414972,0.0,True,27.31661497476381,True,True
100mm_uniform,h0.450_o100,15.0,7.5,2.1892585893553325e-05,0.0,2.189258589952526e-05,0.155455783704042,7.5,True,27.149097687880186,True,True
100mm_uniform,h0.600_o40,15.0,7.5,2.1892585893553325e-05,0.0,2.189258589952526e-05,0.04302837820756622,0.0,True,26.241711687130476,True,True
100mm_uniform,h0.600_o60,15.0,7.5,2.1892585893553325e-05,0.0,2.189258589952526e-05,0.08252907540008891,0.0,True,26.097149602229308,True,True
100mm_uniform,h0.600_o80,15.0,7.5,2.1892585893553325e-05,0.0,2.189258589952526e-05,0.1265007606429549,0.0,True,25.91640637522019,True,True
100mm_uniform,h0.600_o100,15.0,7.5,2.1892585893553325e-05,0.0,2.189258589952526e-05,0.17099715420377493,0.0,True,25.7583610359724,True,True
100mm_uniform,h0.750_o40,15.0,7.5,2.189258590979711e-05,0.0,2.189258589952526e-05,0.04707308309787095,7.5,True,25.211058244462947,True,True
100mm_uniform,h0.750_o60,15.0,7.5,2.189258590979711e-05,0.0,2.189258589952526e-05,0.08950973387302952,7.5,True,25.014718409998693,True,True
100mm_uniform,h0.750_o80,15.0,7.5,2.189258590979711e-05,0.0,2.189258589952526e-05,0.13648972485796662,7.5,True,24.836657324301825,True,True
100mm_uniform,h0.750_o100,15.0,7.5,2.189258590979711e-05,0.0,2.189258589952526e-05,0.1831783800796245,0.0,True,24.676936042926556,True,True
100mm_uniform,h0.900_o40,15.0,7.5,2.189258590979711e-05,0.0,2.189258589952526e-05,0.05039768480781959,7.5,True,24.317566829566317,True,True
100mm_uniform,h0.900_o60,15.0,7.5,2.189258590979711e-05,0.0,2.189258589952526e-05,0.09607959621084206,0.0,True,24.19392117241017,True,True
100mm_uniform,h0.900_o80,15.0,7.5,2.189258590979711e-05,0.0,2.189258589952526e-05,0.14565574637154555,7.5,True,23.994734092351422,True,True
100mm_uniform,h0.900_o100,15.0,7.5,2.189258590979711e-05,0.0,2.189258589952526e-05,0.19475505838934737,0.0,True,23.855989721018744,True,True
100mm_front_loaded,h0.150_o40,15.0,7.5,0.0011784257906696399,0.0,0.001178425790669103,0.021549355569447926,0.0,True,31.08694425205556,True,True
100mm_front_loaded,h0.150_o60,15.0,7.5,0.0011784257906696399,0.0,0.001178425790669103,0.041444928574833284,7.5,True,31.026203249734863,True,True
100mm_front_loaded,h0.150_o80,15.0,7.5,0.0011784257906694605,0.0,0.001178425790669103,0.06369065407659491,0.0,True,30.887075962814947,True,True
100mm_front_loaded,h0.150_o100,15.0,7.5,0.0011784257906696399,0.0,0.001178425790669103,0.08649450738874975,0.0,True,30.82196303696705,True,True
100mm_front_loaded,h0.300_o40,15.0,7.5,0.0011784257906665933,0.0,0.001178425790669103,0.02949317061495549,0.0,True,27.916800311867007,True,True
100mm_front_loaded,h0.300_o60,15.0,7.5,0.0011784257906665933,0.0,0.001178425790669103,0.056455339261219706,0.0,True,27.807728475542604,True,True
100mm_front_loaded,h0.300_o80,15.0,7.5,0.0011784257906665933,0.0,0.001178425790669103,0.08769048156364079,0.0,True,27.731023587507764,True,True
100mm_front_loaded,h0.300_o100,15.0,7.5,0.0011784257906665933,0.0,0.001178425790669103,0.11937200099589518,7.5,True,27.585610887373946,True,True
100mm_front_loaded,h0.450_o40,15.0,7.5,0.0011784257906726865,0.0,0.001178425790669103,0.03478182710028932,7.5,True,26.035051684573318,True,True
100mm_front_loaded,h0.450_o60,15.0,7.5,0.0011784257906726865,0.0,0.001178425790669103,0.066502442731462,7.5,True,25.94145464197055,True,True
100mm_front_loaded,h0.450_o80,15.0,7.5,0.0011784257906726865,0.0,0.001178425790669103,0.10127286145814196,7.5,True,25.750055035739194,True,True
100mm_front_loaded,h0.450_o100,15.0,7.5,0.0011784257906726865,0.0,0.001178425790669103,0.13814854632374818,7.5,True,25.66679403937613,True,True
100mm_front_loaded,h0.600_o40,15.0,7.5,0.0011784257906726865,0.0,0.001178425790669103,0.039053034306789414,0.0,True,24.752902755082573,True,True
100mm_front_loaded,h0.600_o60,15.0,7.5,0.0012862319990934908,0.0,0.001178425790669103,0.0735118362385947,0.0,True,24.538534929288147,True,True
100mm_front_loaded,h0.600_o80,15.0,7.5,0.0012556732333081464,0.0,0.001178425790669103,0.11201214233798851,7.5,True,24.40549312631859,True,True
100mm_front_loaded,h0.600_o100,15.0,7.5,0.0013287914605595488,0.0,0.001178425790669103,0.15036703252380335,7.5,True,24.279559229970715,True,True
100mm_front_loaded,h0.750_o40,15.0,7.5,0.0014504748990364425,0.0,0.001178425790669103,0.042251695366473996,7.5,True,23.65586078842483,True,True
100mm_front_loaded,h0.750_o60,15.0,7.5,0.002709868388780627,0.0,0.001178425790669103,0.07925690944915686,0.0,True,23.460328795530216,True,True
100mm_front_loaded,h0.750_o80,15.0,7.5,0.002778707360784279,0.0,0.001178425790669103,0.12000086838045831,0.0,True,23.3439437627446,True,True
100mm_front_loaded,h0.750_o100,15.0,7.5,0.0027830516652644984,0.0,0.001178425790669103,0.1609319359744461,0.0,True,23.268767200524465,True,True
100mm_front_loaded,h0.900_o40,15.0,7.5,0.0029384627457078195,0.0,0.001178425790669103,0.045282273091658,0.0,True,22.83122925535679,True,True
100mm_front_loaded,h0.900_o60,15.0,7.5,0.002973873568055345,0.0,0.001178425790669103,0.08437597099521099,0.0,True,22.626854092828808,True,True
100mm_front_loaded,h0.900_o80,15.0,7.5,0.003055127894644977,0.0,0.001178425790669103,0.1257863363729257,0.0,True,22.43635085979392,True,True
100mm_front_loaded,h0.900_o100,15.0,7.5,0.0012417041896589797,0.0,0.001178425790669103,0.1679826038036083,7.5,True,22.397802384380583,True,True
100mm_back_loaded,h0.150_o40,15.0,7.5,0.0015533470997681537,0.0,0.001553347099767994,0.024529828278900823,7.5,True,33.57336199375709,True,True
100mm_back_loaded,h0.150_o60,15.0,7.5,0.0015533470997681537,0.0,0.001553347099767994,0.04739412178338398,7.5,True,33.499620295978616,True,True
100mm_back_loaded,h0.150_o80,15.0,7.5,0.0015533470997683132,0.0,0.001553347099767994,0.07331447977708194,0.0,True,33.375210418762435,True,True
100mm_back_loaded,h0.150_o100,15.0,7.5,0.0015533470997681537,0.0,0.001553347099767994,0.10059353778342484,0.0,True,33.291308773879535,True,True
100mm_back_loaded,h0.300_o40,15.0,7.5,0.0015533470997654425,0.0,0.001553347099767994,0.033842012955176415,7.5,True,30.384556253795836,True,True
100mm_back_loaded,h0.300_o60,15.0,7.5,0.0015533470997654425,0.0,0.001553347099767994,0.06601747372462796,0.0,True,30.31231874374214,True,True
100mm_back_loaded,h0.300_o80,15.0,7.5,0.0015533470997654425,0.0,0.001553347099767994,0.10356415449967926,7.5,True,30.225255330847034,True,True
100mm_back_loaded,h0.300_o100,15.0,7.5,0.0015533470997654425,0.0,0.001553347099767994,0.1420587800313342,7.5,True,30.018499388285136,True,True
100mm_back_loaded,h0.450_o40,15.0,7.5,0.0015533470997654425,0.0,0.001553347099767994,0.040392918571001246,0.0,True,28.509561657116933,True,True
100mm_back_loaded,h0.450_o60,15.0,7.5,0.0015533470997654425,0.0,0.001553347099767994,0.0787108299036845,0.0,True,28.41520041063319,True,True
100mm_back_loaded,h0.450_o80,15.0,7.5,0.0015533470997654425,0.0,0.001553347099767994,0.12220216168645948,0.0,True,28.239365118731996,True,True
100mm_back_loaded,h0.450_o100,15.0,7.5,0.0015533470997654425,0.0,0.001553347099767994,0.16883404074678765,0.0,True,28.129138316818825,True,True
100mm_back_loaded,h0.600_o40,15.0,7.5,0.0015533470997654425,0.0,0.001553347099767994,0.04571843372815465,0.0,True,27.18525596569208,True,True
100mm_back_loaded,h0.600_o60,15.0,7.5,0.0015533470997654425,0.0,0.001553347099767994,0.08841369250194475,0.0,True,27.028233414813485,True,True
100mm_back_loaded,h0.600_o80,15.0,7.5,0.0015533470997654425,0.0,0.001553347099767994,0.1369391817663086,0.0,True,26.846056273102192,True,True
100mm_back_loaded,h0.600_o100,15.0,7.5,0.0015533470997654425,0.0,0.001553347099767994,0.18897667258909223,7.5,True,26.758374113201455,True,True
100mm_back_loaded,h0.750_o40,15.0,7.5,0.0015533470997708566,0.0,0.001553347099767994,0.05034420380991378,0.0,True,26.178438163775297,True,True
100mm_back_loaded,h0.750_o60,15.0,7.5,0.0015533470997708566,0.0,0.001553347099767994,0.09660598798515707,7.5,True,25.94897285045832,True,True
100mm_back_loaded,h0.750_o80,15.0,7.5,0.0015533470997708566,0.0,0.001553347099767994,0.14967750334494667,7.5,True,25.792167062206772,True,True
100mm_back_loaded,h0.750_o100,15.0,7.5,0.0015533470997708566,0.0,0.001553347099767994,0.205255086143751,0.0,True,25.679727692628518,True,True
100mm_back_loaded,h0.900_o40,15.0,7.5,0.0015533470997708566,0.0,0.001553347099767994,0.05415863832860168,7.5,True,25.287808962129077,True,True
100mm_back_loaded,h0.900_o60,15.0,7.5,0.0015533470997708566,0.0,0.001553347099767994,0.10400277527176627,0.0,True,25.095762226923313,True,True
100mm_back_loaded,h0.900_o80,15.0,7.5,0.0015533470997708566,0.0,0.001553347099767994,0.16031097828198426,0.0,True,24.91399856259875,True,True
100mm_back_loaded,h0.900_o100,15.0,7.5,0.0015533470997708566,0.0,0.001553347099767994,0.21799564128707516,7.5,True,24.750379171714698,True,True
25mm_uniform,h0.150_o40,7.5,3.75,0.00010104822388254416,0.0,0.00010104822390441095,0.008777258184551329,0.0,True,14.924683894940927,True,True
25mm_uniform,h0.150_o60,7.5,3.75,0.00010104822388254416,0.0,0.00010104822390441095,0.01564141255500573,3.75,True,14.795916100382556,True,True
25mm_uniform,h0.150_o80,7.5,3.75,0.00010104822388254416,0.0,0.00010104822390441095,0.022130161141035387,0.0,True,14.674452505079216,True,True
25mm_uniform,h0.150_o100,7.5,3.75,0.00010104822388254415,0.0,0.00010104822390441095,0.027529701315124555,3.75,True,14.599138982991633,True,True
25mm_uniform,h0.300_o40,7.5,3.75,9.55553147231849e-05,0.0,0.00010104822390441095,0.011579982085617502,3.75,True,13.281863877305966,True,True
25mm_uniform,h0.300_o60,7.5,3.75,0.0021343735498975977,0.0,0.00010104822390441095,0.020166858948412525,0.0,True,13.139932205501736,True,True
25mm_uniform,h0.300_o80,7.5,3.75,0.01099119107560754,0.0,0.00010104822390441095,0.027317328960771103,0.0,True,13.041644997733925,True,False
25mm_uniform,h0.300_o100,7.5,3.75,0.0003502997953455589,0.0005642268828584402,0.00010104822390441095,0.0,,True,10.678061579481124,True,True
25mm_uniform,h0.450_o40,7.5,3.75,8.60710101795432e-05,0.00016297827955377613,0.00010104822390441095,0.0,,True,7.569412622216021,True,True
25mm_uniform,h0.450_o60,7.5,3.75,0.00016420972974250754,0.0002992908550384123,0.00010104822390441095,0.0,,True,8.40346546648405,True,True
25mm_uniform,h0.450_o80,7.5,3.75,0.0002535038687733268,0.0004388220584129252,0.00010104822390441095,0.0,,True,9.02661611980875,True,True
25mm_uniform,h0.450_o100,7.5,3.75,0.0003502997953455589,0.0005642268828584402,0.00010104822390441095,0.0,,True,9.538107062273582,True,True
25mm_uniform,h0.600_o40,7.5,3.75,8.60710101795432e-05,0.00016297827955377613,0.00010104822390441095,0.0,,True,6.7603884973777895,True,True
25mm_uniform,h0.600_o60,7.5,3.75,0.00016420972974250754,0.0002992908550384123,0.00010104822390441095,0.0,,True,7.594507426728825,True,True
25mm_uniform,h0.600_o80,7.5,3.75,0.0002535038687733268,0.0004388220584129252,0.00010104822390441095,0.0,,True,8.217357990193364,True,True
25mm_uniform,h0.600_o100,7.5,3.75,0.0003502997953455589,0.0005642268828584402,0.00010104822390441095,0.0,,True,8.729405163521164,True,True
25mm_uniform,h0.750_o40,7.5,3.75,8.60710101795432e-05,0.00016297827955377613,0.00010104822390441095,0.0,,True,6.132849128351836,True,True
25mm_uniform,h0.750_o60,7.5,3.75,0.00016420972974250754,0.0002992908550384123,0.00010104822390441095,0.0,,True,6.967088847583369,True,True
25mm_uniform,h0.750_o80,7.5,3.75,0.0002535038687733268,0.0004388220584129252,0.00010104822390441095,0.0,,True,7.5903031669597,True,True
25mm_uniform,h0.750_o100,7.5,3.75,0.0003502997953455589,0.0005642268828584402,0.00010104822390441095,0.0,,True,8.102003551766401,True,True
25mm_uniform,h0.900_o40,7.5,3.75,8.60710101795432e-05,0.00016297827955377613,0.00010104822390441095,0.0,,True,5.620043847476097,True,True
25mm_uniform,h0.900_o60,7.5,3.75,0.00016420972974250754,0.0002992908550384123,0.00010104822390441095,0.0,,True,6.454426113840128,True,True
25mm_uniform,h0.900_o80,7.5,3.75,0.0002535038687733268,0.0004388220584129252,0.00010104822390441095,0.0,,True,7.077486481891171,True,True
25mm_uniform,h0.900_o100,7.5,3.75,0.0003502997953455589,0.0005642268828584402,0.00010104822390441095,0.0,,True,7.589045208182554,True,True
25mm_front_loaded,h0.150_o40,7.5,3.75,0.0006643104907672188,0.0,0.0005452776781795087,0.00780802041067119,0.0,True,14.162574034077124,True,True
25mm_front_loaded,h0.150_o60,7.5,3.75,0.0005207391319223992,0.0,0.0005452776781795087,0.01360341951730959,3.75,True,14.032782835398905,True,True
25mm_front_loaded,h0.150_o80,7.5,3.75,0.0008138558207940656,0.0,0.0005452776781795087,0.01901519828897591,0.0,True,13.950162536342248,True,True
25mm_front_loaded,h0.150_o100,7.5,3.75,0.0005186186303228637,0.0,0.0005452776781795087,0.02345884077086069,3.75,True,13.91639204419235,True,True
25mm_front_loaded,h0.300_o40,7.5,3.75,0.004916706795568078,0.0,0.0005452776781795087,0.009947615185305736,3.75,True,12.51585745729642,True,True
25mm_front_loaded,h0.300_o60,7.5,3.75,0.0029730601393754244,0.0,0.0005452776781795087,0.016722077822944215,0.0,True,12.416334014676522,True,True
25mm_front_loaded,h0.300_o80,7.5,3.75,0.00020206704283465474,0.0003485063060696595,0.0005452776781795087,0.0,,True,10.121362962139102,True,True
25mm_front_loaded,h0.300_o100,7.5,3.75,0.00029197636859324577,0.0004665186247081013,0.0005452776781795087,0.0,,True,10.642910266683003,True,True
25mm_front_loaded,h0.450_o40,7.5,3.75,7.324664970191095e-05,0.0001386601338508972,0.0005452776781795087,0.0,,True,7.516912297322165,True,True
25mm_front_loaded,h0.450_o60,7.5,3.75,0.0001346752213025325,0.0002451698026233149,0.0005452776781795087,0.0,,True,8.353084235616848,True,True
25mm_front_loaded,h0.450_o80,7.5,3.75,0.00020206704283465474,0.0003485063060696595,0.0005452776781795087,0.0,,True,8.981465577559788,True,True
25mm_front_loaded,h0.450_o100,7.5,3.75,0.00029197636859324577,0.0004665186247081013,0.0005452776781795087,0.0,,True,9.503060715668,True,True
25mm_front_loaded,h0.600_o40,7.5,3.75,7.324664970191095e-05,0.0001386601338508972,0.0005452776781795087,0.0,,True,6.7079092049525,True,True
25mm_front_loaded,h0.600_o60,7.5,3.75,0.0001346752213025325,0.0002451698026233149,0.0005452776781795087,0.0,,True,7.544050644565203,True,True
25mm_front_loaded,h0.600_o80,7.5,3.75,0.00020206704283465474,0.0003485063060696595,0.0005452776781795087,0.0,,True,8.172323543186621,True,True
25mm_front_loaded,h0.600_o100,7.5,3.75,0.00029197636859324577,0.0004665186247081013,0.0005452776781795087,0.0,,True,8.694355228004014,True,True
25mm_front_loaded,h0.750_o40,7.5,3.75,7.324664970191095e-05,0.0001386601338508972,0.0005452776781795087,0.0,,True,6.080496750865905,True,True
25mm_front_loaded,h0.750_o60,7.5,3.75,0.0001346752213025325,0.0002451698026233149,0.0005452776781795087,0.0,,True,6.916520114894098,True,True
25mm_front_loaded,h0.750_o80,7.5,3.75,0.00020206704283465474,0.0003485063060696595,0.0005452776781795087,0.0,,True,7.545203224906771,True,True
25mm_front_loaded,h0.750_o100,7.5,3.75,0.00029197636859324577,0.0004665186247081013,0.0005452776781795087,0.0,,True,8.066863133031532,True,True
25mm_front_loaded,h0.900_o40,7.5,3.75,7.324664970191095e-05,0.0001386601338508972,0.0005452776781795087,0.0,,True,5.567890617901128,True,True
25mm_front_loaded,h0.900_o60,7.5,3.75,0.0001346752213025325,0.0002451698026233149,0.0005452776781795087,0.0,,True,6.4043158926324395,True,True
25mm_front_loaded,h0.900_o80,7.5,3.75,0.00020206704283465474,0.0003485063060696595,0.0005452776781795087,0.0,,True,7.031994480020032,True,True
25mm_front_loaded,h0.900_o100,7.5,3.75,0.00029197636859324577,0.0004665186247081013,0.0005452776781795087,0.0,,True,7.553874665752147,True,True
25mm_back_loaded,h0.150_o40,7.5,3.75,0.0009453970106145284,0.0,0.000945397010609611,0.009575819806656227,0.0,True,15.392040666822027,True,True
25mm_back_loaded,h0.150_o60,7.5,3.75,0.0009453970106145284,0.0,0.000945397010609611,0.017452810259882767,0.0,True,15.260745749496607,True,True
25mm_back_loaded,h0.150_o80,7.5,3.75,0.0009453970106145284,0.0,0.000945397010609611,0.025483411221472352,0.0,True,15.147628526413826,True,True
25mm_back_loaded,h0.150_o100,7.5,3.75,0.0009453970106145284,0.0,0.000945397010609611,0.032758009162179746,3.75,True,15.05424025944464,True,True
25mm_back_loaded,h0.300_o40,7.5,3.75,0.0018265878463089808,0.0,0.000945397010609611,0.012897871042067521,3.75,True,13.7631572359453,True,True
25mm_back_loaded,h0.300_o60,7.5,3.75,0.002860498769697459,0.0,0.000945397010609611,0.023261709513361595,3.75,True,13.613016348638496,True,True
25mm_back_loaded,h0.300_o80,7.5,3.75,0.01030857957378241,0.0,0.000945397010609611,0.03324611876465777,0.0,True,13.494727524948757,True,False
25mm_back_loaded,h0.300_o100,7.5,3.75,0.00041751196154695336,0.0006861906734831893,0.000945397010609611,0.0,,True,10.604284523541452,True,True
25mm_back_loaded,h0.450_o40,7.5,3.75,9.449183522425396e-05,0.000179061090948758,0.000945397010609611,0.0,,True,7.547968020678297,True,True
25mm_back_loaded,h0.450_o60,7.5,3.75,0.00018392380933837646,0.00033622871255301534,0.000945397010609611,0.0,,True,8.364421811480582,True,True
25mm_back_loaded,h0.450_o80,7.5,3.75,0.0002916159304067409,0.0005090910645170246,0.000945397010609611,0.0,,True,8.969467081609395,True,True
25mm_back_loaded,h0.450_o100,7.5,3.75,0.00041751196154695336,0.0006861906734831893,0.000945397010609611,0.0,,True,9.463681691824632,True,True
25mm_back_loaded,h0.600_o40,7.5,3.75,9.449183522425396e-05,0.000179061090948758,0.000945397010609611,0.0,,True,6.7389488931354435,True,True
25mm_back_loaded,h0.600_o60,7.5,3.75,0.00018392380933837646,0.00033622871255301534,0.000945397010609611,0.0,,True,7.555424511047448,True,True
25mm_back_loaded,h0.600_o80,7.5,3.75,0.0002916159304067409,0.0005090910645170246,0.000945397010609611,0.0,,True,8.160944801864645,True,True
25mm_back_loaded,h0.600_o100,7.5,3.75,0.00041751196154695336,0.0006861906734831893,0.000945397010609611,0.0,,True,8.65473301169608,True,True
25mm_back_loaded,h0.750_o40,7.5,3.75,9.449183522425396e-05,0.000179061090948758,0.000945397010609611,0.0,,True,6.111381762188728,True,True
25mm_back_loaded,h0.750_o60,7.5,3.75,0.00018392380933837646,0.00033622871255301534,0.000945397010609611,0.0,,True,6.927880011482301,True,True
25mm_back_loaded,h0.750_o80,7.5,3.75,0.0002916159304067409,0.0005090910645170246,0.000945397010609611,0.0,,True,7.533319977483899,True,True
25mm_back_loaded,h0.750_o100,7.5,3.75,0.00041751196154695336,0.0006861906734831893,0.000945397010609611,0.0,,True,8.027935978136824,True,True
25mm_back_loaded,h0.900_o40,7.5,3.75,9.449183522425396e-05,0.000179061090948758,0.000945397010609611,0.0,,True,5.598578524734421,True,True
25mm_back_loaded,h0.900_o60,7.5,3.75,0.00018392380933837646,0.00033622871255301534,0.000945397010609611,0.0,,True,6.415712983545063,True,True
25mm_back_loaded,h0.900_o80,7.5,3.75,0.0002916159304067409,0.0005090910645170246,0.000945397010609611,0.0,,True,7.0208676127972325,True,True
25mm_back_loaded,h0.900_o100,7.5,3.75,0.00041751196154695336,0.0006861906734831893,0.000945397010609611,0.0,,True,7.515529330214932,True,True
50mm_uniform,h0.150_o40,7.5,3.75,3.5238897541805035e-05,0.0,3.523889754832389e-05,0.01043373386858093,3.75,True,15.688864831020055,True,True
50mm_uniform,h0.150_o60,7.5,3.75,3.5238897541805035e-05,0.0,3.523889754832389e-05,0.019462002590813654,3.75,True,15.584304689841133,True,True
50mm_uniform,h0.150_o80,7.5,3.75,3.5238897541805035e-05,0.0,3.523889754832389e-05,0.029009504356253046,0.0,True,15.47647960544083,True,True
50mm_uniform,h0.150_o100,7.5,3.75,3.5238897541805035e-05,0.0,3.523889754832389e-05,0.03840600899268054,0.0,True,15.407341858661994,True,True
50mm_uniform,h0.300_o40,7.5,3.75,3.5238897541805035e-05,0.0,3.523889754832389e-05,0.013981599748930762,3.75,True,14.047858911747824,True,True
50mm_uniform,h0.300_o60,7.5,3.75,3.5238897541805035e-05,0.0,3.523889754832389e-05,0.02600026360362051,3.75,True,13.94530678035295,True,True
50mm_uniform,h0.300_o80,7.5,3.75,3.5238897541805035e-05,0.0,3.523889754832389e-05,0.038691623859961055,3.75,True,13.852800536427168,True,True
50mm_uniform,h0.300_o100,7.5,3.75,3.5238897541805035e-05,0.0,3.523889754832389e-05,0.05063720779308767,3.75,True,13.77680025243464,True,True
50mm_uniform,h0.450_o40,7.5,3.75,3.523889759117961e-05,0.0,3.523889754832389e-05,0.01640033144055053,3.75,True,13.089933015830013,True,True
50mm_uniform,h0.450_o60,7.5,3.75,3.523889759117961e-05,0.0,3.523889754832389e-05,0.03014881580286044,3.75,True,12.968155070444709,True,True
50mm_uniform,h0.450_o80,7.5,3.75,3.523889759117961e-05,0.0,3.523889754832389e-05,0.04423042073375427,3.75,True,12.871260166478748,True,True
50mm_uniform,h0.450_o100,7.5,3.75,3.523889759105888e-05,0.0,3.523889754832389e-05,0.05669117613041408,0.0,True,12.800009560084646,True,True
50mm_uniform,h0.600_o40,7.5,3.75,3.523889759117961e-05,0.0,3.523889754832389e-05,0.0183283620956729,0.0,True,12.41350412845037,True,True
50mm_uniform,h0.600_o60,7.5,3.75,3.523889759117961e-05,0.0,3.523889754832389e-05,0.03339094390864261,3.75,True,12.288067539437009,True,True
50mm_uniform,h0.600_o80,7.5,3.75,3.523889759105888e-05,0.0,3.523889754832389e-05,0.04832458091964398,3.75,True,12.1852983443695,True,True
50mm_uniform,h0.600_o100,7.5,3.75,0.00145085755485172,0.0,3.523889754832389e-05,0.060684207141454394,3.75,True,12.118220217175946,True,True
50mm_uniform,h0.750_o40,7.5,3.75,0.0027252921404902603,0.0,3.523889754832389e-05,0.01985591737216197,0.0,True,11.864827603167782,True,True
50mm_uniform,h0.750_o60,7.5,3.75,0.0030862237580829284,0.0,3.523889754832389e-05,0.035909559732020924,3.75,True,11.752339320082683,True,True
50mm_uniform,h0.750_o80,7.5,3.75,0.00018077302835032072,0.000341472172570839,3.523889754832389e-05,0.0,,True,8.289771416367131,True,True
50mm_uniform,h0.750_o100,7.5,3.75,0.0002507076074150779,0.00046208047641932063,3.523889754832389e-05,0.0,,True,8.79188861876301,True,True
50mm_uniform,h0.900_o40,7.5,3.75,6.076343263334143e-05,0.00011871527935528286,3.523889754832389e-05,0.0,,True,6.339409220326786,True,True
50mm_uniform,h0.900_o60,7.5,3.75,0.00011622580036874672,0.00022371186278879738,3.523889754832389e-05,0.0,,True,7.163196500221858,True,True
50mm_uniform,h0.900_o80,7.5,3.75,0.00018077302835032072,0.000341472172570839,3.523889754832389e-05,0.0,,True,7.777032392615979,True,True
50mm_uniform,h0.900_o100,7.5,3.75,0.0002507076074150779,0.00046208047641932063,3.523889754832389e-05,0.0,,True,8.279768489080652,True,True
50mm_front_loaded,h0.150_o40,7.5,3.75,0.0006130301704382997,0.0,0.0006130301704437984,0.009477275736003321,0.0,True,14.909074143267276,True,True
50mm_front_loaded,h0.150_o60,7.5,3.75,0.0006130301704382997,0.0,0.0006130301704437984,0.017454605780585553,0.0,True,14.804125712444716,True,True
50mm_front_loaded,h0.150_o80,7.5,3.75,0.0006130301704382997,0.0,0.0006130301704437984,0.025892049373624104,3.75,True,14.714353112709944,True,True
50mm_front_loaded,h0.150_o100,7.5,3.75,0.0006130301704382997,0.0,0.0006130301704437984,0.03409737862226336,0.0,True,14.662509586124628,True,True
50mm_front_loaded,h0.300_o40,7.5,3.75,0.0006264847726413225,0.0,0.0006130301704437984,0.012536065219762804,3.75,True,13.269489794555511,True,True
50mm_front_loaded,h0.300_o60,7.5,3.75,0.0006490852300354372,0.0,0.0006130301704437984,0.0230722329035018,3.75,True,13.192349991389563,True,True
50mm_front_loaded,h0.300_o80,7.5,3.75,0.0006643971661545704,0.0,0.0006130301704437984,0.033848491515755086,3.75,True,13.101525502090539,True,True
50mm_front_loaded,h0.300_o100,7.5,3.75,0.0006762769933089478,0.0,0.0006130301704437984,0.044020497620223864,3.75,True,13.052728090116972,True,True
50mm_front_loaded,h0.450_o40,7.5,3.75,0.0014861580454162257,0.0,0.0006130301704437984,0.014572695201408692,0.0,True,12.324491909133428,True,True
50mm_front_loaded,h0.450_o60,7.5,3.75,0.001604659353515277,0.0,0.0006130301704437984,0.02624198906907793,0.0,True,12.208973712857585,True,True
50mm_front_loaded,h0.450_o80,7.5,3.75,0.000710968998373073,0.0,0.0006130301704437984,0.03798983912164289,3.75,True,12.142287446089739,True,True
50mm_front_loaded,h0.450_o100,7.5,3.75,0.0020547613014729573,0.0,0.0006130301704437984,0.04840268657273583,0.0,True,12.121678906696332,True,True
50mm_front_loaded,h0.600_o40,7.5,3.75,0.0021028617749809537,0.0,0.0006130301704437984,0.0160282670052041,0.0,True,11.631756698716345,True,True
50mm_front_loaded,h0.600_o60,7.5,3.75,0.0022220255745273353,0.0,0.0006130301704437984,0.02851668120998596,0.0,True,11.527587079296353,True,True
50mm_front_loaded,h0.600_o80,7.5,3.75,0.0008594638604603247,0.0,0.0006130301704437984,0.04023385943036928,3.75,True,11.454589380287672,True,True
50mm_front_loaded,h0.600_o100,7.5,3.75,0.0030114884977401374,0.0,0.0006130301704437984,0.04959342541276879,0.0,True,11.47566675147047,True,True
50mm_front_loaded,h0.750_o40,7.5,3.75,0.0007922300301678142,0.0,0.0006130301704437984,0.01720560885276612,3.75,True,11.105615956849135,True,True
50mm_front_loaded,h0.750_o60,7.5,3.75,0.0044666777197664,0.0,0.0006130301704437984,0.029926112812026062,0.0,True,10.988244022987459,True,True
50mm_front_loaded,h0.750_o80,7.5,3.75,0.0001465532800217017,0.00027667147465909456,0.0006130301704437984,0.0,,True,8.221117801529232,True,True
50mm_front_loaded,h0.750_o100,7.5,3.75,0.00020229369989471451,0.00037237324490271004,0.0006130301704437984,0.0,,True,8.722483148831728,True,True
50mm_front_loaded,h0.900_o40,7.5,3.75,5.221349444371226e-05,0.00010200690400417005,0.0006130301704437984,0.0,,True,6.281947397059184,True,True
50mm_front_loaded,h0.900_o60,7.5,3.75,9.674758944827653e-05,0.00018618555959087037,0.0006130301704437984,0.0,,True,7.098808060106165,True,True
50mm_front_loaded,h0.900_o80,7.5,3.75,0.0001465532800217017,0.00027667147465909456,0.0006130301704437984,0.0,,True,7.708808740531481,True,True
50mm_front_loaded,h0.900_o100,7.5,3.75,0.00020229369989471451,0.00037237324490271004,0.0006130301704437984,0.0,,True,8.209629352099057,True,True
50mm_back_loaded,h0.150_o40,7.5,3.75,0.0008259627906215941,0.0,0.0008259627906196513,0.010982003578192234,3.75,True,16.13339371952236,True,True
50mm_back_loaded,h0.150_o60,7.5,3.75,0.0008259627906215941,0.0,0.0008259627906196513,0.02072483922847823,0.0,True,16.04681390410292,True,True
50mm_back_loaded,h0.150_o80,7.5,3.75,0.0008259627906215941,0.0,0.0008259627906196513,0.03130387199104234,3.75,True,15.953259640374995,True,True
50mm_back_loaded,h0.150_o100,7.5,3.75,0.0008259627906215941,0.0,0.0008259627906196513,0.041775225944547856,3.75,True,15.867292121428278,True,True
50mm_back_loaded,h0.300_o40,7.5,3.75,0.0008259627906105837,0.0,0.0008259627906196513,0.015039378811707138,0.0,True,14.53506920254739,True,True
50mm_back_loaded,h0.300_o60,7.5,3.75,0.0008259627906105837,0.0,0.0008259627906196513,0.028346401449240943,3.75,True,14.416628041898605,True,True
50mm_back_loaded,h0.300_o80,7.5,3.75,0.0008259627906104218,0.0,0.0008259627906196513,0.04286750356406799,0.0,True,14.317642426399146,True,True
50mm_back_loaded,h0.300_o100,7.5,3.75,0.0008259627906105837,0.0,0.0008259627906196513,0.057388855404468586,0.0,True,14.244549700671172,True,True
50mm_back_loaded,h0.450_o40,7.5,3.75,0.0008259627906216032,0.0,0.0008259627906196513,0.017783697874250493,3.75,True,13.56149247801568,True,True
50mm_back_loaded,h0.450_o60,7.5,3.75,0.0008259627906216032,0.0,0.0008259627906196513,0.03345943936250251,0.0,True,13.455020922692995,True,True
50mm_back_loaded,h0.450_o80,7.5,3.75,0.0008259627906216032,0.0,0.0008259627906196513,0.05034104917653792,0.0,True,13.35340453794629,True,True
50mm_back_loaded,h0.450_o100,7.5,3.75,0.0008259627906216032,0.0,0.0008259627906196513,0.06676315888550732,0.0,True,13.273754563413576,True,True
50mm_back_loaded,h0.600_o40,7.5,3.75,0.0006432632296060801,0.0,0.0008259627906196513,0.020002281973489744,3.75,True,12.877183327717034,True,True
50mm_back_loaded,h0.600_o60,7.5,3.75,0.0006432632296060801,0.0,0.0008259627906196513,0.037338469934212526,0.0,True,12.755444234235824,True,True
50mm_back_loaded,h0.600_o80,7.5,3.75,0.001049838911399736,0.0,0.0008259627906196513,0.055801684074417324,3.75,True,12.653048263857869,True,True
50mm_back_loaded,h0.600_o100,7.5,3.75,0.008413565202641506,0.0,0.0008259627906196513,0.0733339842927343,3.75,True,12.579305626261572,True,True
50mm_back_loaded,h0.750_o40,7.5,3.75,0.008295950682304277,0.0,0.0008259627906196513,0.02183092190924185,0.0,True,12.35196982652127,True,True
50mm_back_loaded,h0.750_o60,7.5,3.75,0.003892924138445441,0.0,0.0008259627906196513,0.04035646496816625,3.75,True,12.218794592685356,True,True
50mm_back_loaded,h0.750_o80,7.5,3.75,0.03432277414663213,0.0,0.0008259627906196513,0.058849267409851524,7.5,True,12.11451782674331,True,False
50mm_back_loaded,h0.750_o100,7.5,3.75,0.0002880604612730316,0.0005336658443233472,0.0008259627906196513,0.0,,True,8.76228094672733,True,True
50mm_back_loaded,h0.900_o40,7.5,3.75,6.630178678441651e-05,0.00012956324425208697,0.0008259627906196513,0.0,,True,6.346172288780849,True,True
50mm_back_loaded,h0.900_o60,7.5,3.75,0.00012851015304848618,0.00024755664556657666,0.0008259627906196513,0.0,,True,7.159038320392597,True,True
50mm_back_loaded,h0.900_o80,7.5,3.75,0.0002034375877386996,0.0003851364381446377,0.0008259627906196513,0.0,,True,7.760294460922523,True,True
50mm_back_loaded,h0.900_o100,7.5,3.75,0.0002880604612730316,0.0005336658443233472,0.0008259627906196513,0.0,,True,8.249561818878703,True,True
100mm_uniform,h0.150_o40,7.5,3.75,1.0793207251101832e-05,0.0,1.0793207253371188e-05,0.011868046581582803,3.75,True,16.35326549990168,True,True
100mm_uniform,h0.150_o60,7.5,3.75,1.0793207251101832e-05,0.0,1.0793207253371188e-05,0.022833624968086497,3.75,True,16.29647371298688,True,True
100mm_uniform,h0.150_o80,7.5,3.75,1.0793207251101832e-05,0.0,1.0793207253371188e-05,0.035182776046553954,3.75,True,16.22475391157394,True,True
100mm_uniform,h0.150_o100,7.5,3.75,1.0793207251101832e-05,0.0,1.0793207253371188e-05,0.04793601859825003,3.75,True,16.160177608824,True,True
100mm_uniform,h0.300_o40,7.5,3.75,1.079320725922373e-05,0.0,1.0793207253371188e-05,0.016241673918216293,3.75,True,14.769512448663136,True,True
100mm_uniform,h0.300_o60,7.5,3.75,1.079320725922373e-05,0.0,1.0793207253371188e-05,0.03136200926411448,0.0,True,14.691822925573206,True,True
100mm_uniform,h0.300_o80,7.5,3.75,1.079320725922373e-05,0.0,1.0793207253371188e-05,0.04864518491740455,3.75,True,14.617353658135812,True,True
100mm_uniform,h0.300_o100,7.5,3.75,1.079320725922373e-05,0.0,1.0793207253371188e-05,0.0666935307540939,3.75,True,14.546762835291105,True,True
100mm_uniform,h0.450_o40,7.5,3.75,1.079320725110192e-05,0.0,1.0793207253371188e-05,0.01920585597417812,0.0,True,13.811018200404135,True,True
100mm_uniform,h0.450_o60,7.5,3.75,1.079320725110192e-05,0.0,1.0793207253371188e-05,0.036917464629539154,0.0,True,13.726411816335826,True,True
100mm_uniform,h0.450_o80,7.5,3.75,1.079320725110192e-05,0.0,1.0793207253371188e-05,0.05706730005073268,0.0,True,13.655165287173077,True,True
100mm_uniform,h0.450_o100,7.5,3.75,1.079320725110192e-05,0.0,1.0793207253371188e-05,0.07787875984681136,0.0,True,13.587867007468901,True,True
100mm_uniform,h0.600_o40,7.5,3.75,1.079320725110192e-05,0.0,1.0793207253371188e-05,0.021528250617166123,3.75,True,13.125914571817532,True,True
100mm_uniform,h0.600_o60,7.5,3.75,1.079320725110192e-05,0.0,1.0793207253371188e-05,0.041277165296776275,3.75,True,13.049487267952742,True,True
100mm_uniform,h0.600_o80,7.5,3.75,1.079320725110192e-05,0.0,1.0793207253371188e-05,0.06321833853206726,3.75,True,12.957915980356915,True,True
100mm_uniform,h0.600_o100,7.5,3.75,1.079320725110192e-05,0.0,1.0793207253371188e-05,0.08576814243238573,3.75,True,12.897133814790607,True,True
100mm_uniform,h0.750_o40,7.5,3.75,1.0793207267464978e-05,0.0,1.0793207253371188e-05,0.023499181120342882,0.0,True,12.60053571367763,True,True
100mm_uniform,h0.750_o60,7.5,3.75,1.0793207267464978e-05,0.0,1.0793207253371188e-05,0.04474263907749787,3.75,True,12.507183840872926,True,True
100mm_uniform,h0.750_o80,7.5,3.75,1.0793207267464978e-05,0.0,1.0793207253371188e-05,0.0682963170239077,0.0,True,12.424666065520995,True,True
100mm_uniform,h0.750_o100,7.5,3.75,1.0793207267345537e-05,0.0,1.0793207253371188e-05,0.0919266105866825,3.75,True,12.357780923689532,True,True
100mm_uniform,h0.900_o40,7.5,3.75,1.0793207267464978e-05,0.0,1.0793207253371188e-05,0.025212367075880593,3.75,True,12.167182229956097,True,True
100mm_uniform,h0.900_o60,7.5,3.75,1.0793207267464978e-05,0.0,1.0793207253371188e-05,0.04787326627800326,3.75,True,12.079643341037638,True,True
100mm_uniform,h0.900_o80,7.5,3.75,1.0793207267464978e-05,0.0,1.0793207253371188e-05,0.07264633942295973,0.0,True,11.992435926480738,True,True
100mm_uniform,h0.900_o100,7.5,3.75,1.0793207267464978e-05,0.0,1.0793207253371188e-05,0.09698006007735671,0.0,True,11.917628020841065,True,True
100mm_front_loaded,h0.150_o40,7.5,3.75,0.0005885888961952481,0.0,0.0005885888961939944,0.010810057395076456,7.5,True,15.554609920548046,True,True
100mm_front_loaded,h0.150_o60,7.5,3.75,0.0005885888961952481,0.0,0.0005885888961939944,0.020695160234993182,3.75,True,15.519624722909953,True,True
100mm_front_loaded,h0.150_o80,7.5,3.75,0.0005885888961954274,0.0,0.0005885888961939944,0.031829345129438025,0.0,True,15.4602025309174,True,True
100mm_front_loaded,h0.150_o100,7.5,3.75,0.0005885888961952481,0.0,0.0005885888961939944,0.04315048393561938,3.75,True,15.404158435447357,True,True
100mm_front_loaded,h0.300_o40,7.5,3.75,0.0005885888961982966,0.0,0.0005885888961939944,0.01476853429556968,0.0,True,13.979908458790646,True,True
100mm_front_loaded,h0.300_o60,7.5,3.75,0.0005885888961982966,0.0,0.0005885888961939944,0.028349409143345383,3.75,True,13.923087875147644,True,True
100mm_front_loaded,h0.300_o80,7.5,3.75,0.0005885888961982966,0.0,0.0005885888961939944,0.043670047038403936,0.0,True,13.858317892592709,True,True
100mm_front_loaded,h0.300_o100,7.5,3.75,0.0005885888961982966,0.0,0.0005885888961939944,0.05946206593199577,3.75,True,13.791187577289321,True,True
100mm_front_loaded,h0.450_o40,7.5,3.75,0.0005885888961800134,0.0,0.0005885888961939944,0.01738273018071368,3.75,True,13.026079874943264,True,True
100mm_front_loaded,h0.450_o60,7.5,3.75,0.0005885888961800134,0.0,0.0005885888961939944,0.033141942307111094,0.0,True,12.961421802306461,True,True
100mm_front_loaded,h0.450_o80,7.5,3.75,0.0005885888961800134,0.0,0.0005885888961939944,0.050812465532260376,0.0,True,12.898014513594092,True,True
100mm_front_loaded,h0.450_o100,7.5,3.75,0.0005885888961800134,0.0,0.0005885888961939944,0.06887562374626555,3.75,True,12.836202635750737,True,True
100mm_front_loaded,h0.600_o40,7.5,3.75,0.0005885888961800134,0.0,0.0005885888961939944,0.019401184004323113,0.0,True,12.347137654904827,True,True
100mm_front_loaded,h0.600_o60,7.5,3.75,0.0005923904815603702,0.0,0.0005885888961939944,0.03676650775787493,3.75,True,12.276624210854692,True,True
100mm_front_loaded,h0.600_o80,7.5,3.75,0.0006221286639021274,0.0,0.0005885888961939944,0.05581301181391041,3.75,True,12.199738963687423,True,True
100mm_front_loaded,h0.600_o100,7.5,3.75,0.0008599047289029399,0.0,0.0005885888961939944,0.07506370824589226,0.0,True,12.14350385888423,True,True
100mm_front_loaded,h0.750_o40,7.5,3.75,0.00131993557338248,0.0,0.0005885888961939944,0.021102927595990195,0.0,True,11.824644684492114,True,True
100mm_front_loaded,h0.750_o60,7.5,3.75,0.0013521763307080608,0.0,0.0005885888961939944,0.03975557333305346,0.0,True,11.751905456897305,True,True
100mm_front_loaded,h0.750_o80,7.5,3.75,0.0013913962976565377,0.0,0.0005885888961939944,0.05992006003194206,0.0,True,11.673164832022564,True,True
100mm_front_loaded,h0.750_o100,7.5,3.75,0.0021293818702208507,0.0,0.0005885888961939944,0.07979423321370405,3.75,True,11.611790540041156,True,True
100mm_front_loaded,h0.900_o40,7.5,3.75,0.0006171671575257345,0.0,0.0005885888961939944,0.022520630571108313,3.75,True,11.390981222589858,True,True
100mm_front_loaded,h0.900_o60,7.5,3.75,0.0006079682707504971,0.0,0.0005885888961939944,0.04202692478111203,3.75,True,11.299280041074411,True,True
100mm_front_loaded,h0.900_o80,7.5,3.75,0.0006036210707610582,0.0,0.0005885888961939944,0.06311471067513708,3.75,True,11.234794118725233,True,True
100mm_front_loaded,h0.900_o100,7.5,3.75,0.0016129947720791315,0.0,0.0005885888961939944,0.08328663170783557,0.0,True,11.177219580407538,True,True
100mm_back_loaded,h0.150_o40,7.5,3.75,0.0007762086789773141,0.0,0.0007762086789773141,0.012229031493063758,3.75,True,16.77101923698956,True,True
100mm_back_loaded,h0.150_o60,7.5,3.75,0.0007762086789773141,0.0,0.0007762086789773141,0.02379470802503647,0.0,True,16.772465577317064,True,True
100mm_back_loaded,h0.150_o80,7.5,3.75,0.000776208678977314,0.0,0.0007762086789773141,0.03678375984895865,3.75,True,16.702578969213278,True,True
100mm_back_loaded,h0.150_o100,7.5,3.75,0.0007762086789773141,0.0,0.0007762086789773141,0.05022423082385785,3.75,True,16.638283875823134,True,True
100mm_back_loaded,h0.300_o40,7.5,3.75,0.0007762086789800275,0.0,0.0007762086789773141,0.016965309508066184,3.75,True,15.217105722109636,True,True
100mm_back_loaded,h0.300_o60,7.5,3.75,0.0007762086789800275,0.0,0.0007762086789773141,0.033025187887176344,0.0,True,15.163273177824976,True,True
100mm_back_loaded,h0.300_o80,7.5,3.75,0.0007762086789800275,0.0,0.0007762086789773141,0.05158759930645829,3.75,True,15.099262819639847,True,True
100mm_back_loaded,h0.300_o100,7.5,3.75,0.0007762086789800275,0.0,0.0007762086789773141,0.07138360552613676,3.75,True,15.042814654898962,True,True
100mm_back_loaded,h0.450_o40,7.5,3.75,0.0007762086789908727,0.0,0.0007762086789773141,0.02024981346499999,3.75,True,14.275122389301487,True,True
100mm_back_loaded,h0.450_o60,7.5,3.75,0.0007762086789908727,0.0,0.0007762086789773141,0.03944451304073482,3.75,True,14.224221216885269,True,True
100mm_back_loaded,h0.450_o80,7.5,3.75,0.0007762086789908727,0.0,0.0007762086789773141,0.061179058352934135,3.75,True,14.129966693345608,True,True
100mm_back_loaded,h0.450_o100,7.5,3.75,0.0007762086789908727,0.0,0.0007762086789773141,0.08420000634723124,0.0,True,14.056640176717394,True,True
100mm_back_loaded,h0.600_o40,7.5,3.75,0.0007762086789908727,0.0,0.0007762086789773141,0.02289909705240234,0.0,True,13.607024847992477,True,True
100mm_back_loaded,h0.600_o60,7.5,3.75,0.0007762086789908727,0.0,0.0007762086789773141,0.04423822392243437,3.75,True,13.51973686108039,True,True
100mm_back_loaded,h0.600_o80,7.5,3.75,0.0007762086789908727,0.0,0.0007762086789773141,0.06882876991588205,0.0,True,13.453278428243465,True,True
100mm_back_loaded,h0.600_o100,7.5,3.75,0.0007762086789908727,0.0,0.0007762086789773141,0.09424857734887837,0.0,True,13.372867345126593,True,True
100mm_back_loaded,h0.750_o40,7.5,3.75,0.000776208678980019,0.0,0.0007762086789773141,0.025080123860021786,0.0,True,13.066829466932006,True,True
100mm_back_loaded,h0.750_o60,7.5,3.75,0.000776208678980019,0.0,0.0007762086789773141,0.048547951052626104,0.0,True,13.004673692280022,True,True
100mm_back_loaded,h0.750_o80,7.5,3.75,0.000776208678980019,0.0,0.0007762086789773141,0.07490148706006039,3.75,True,12.90562316575361,True,True
100mm_back_loaded,h0.750_o100,7.5,3.75,0.000776208678980019,0.0,0.0007762086789773141,0.10244916209447297,0.0,True,12.835819077253774,True,True
100mm_back_loaded,h0.900_o40,7.5,3.75,0.000776208678980019,0.0,0.0007762086789773141,0.02707406304369897,0.0,True,12.643514428357605,True,True
100mm_back_loaded,h0.900_o60,7.5,3.75,0.000776208678980019,0.0,0.0007762086789773141,0.052021685752151825,3.75,True,12.551366189238422,True,True
100mm_back_loaded,h0.900_o80,7.5,3.75,0.000776208678980019,0.0,0.0007762086789773141,0.08016133561886818,3.75,True,12.458952773579313,True,True
100mm_back_loaded,h0.900_o100,7.5,3.75,0.000776208678980019,0.0,0.0007762086789773141,0.10947139420946428,0.0,True,12.398740765550187,True,True
25mm_uniform,h0.150_o40,3.75,1.875,5.029020852545138e-05,0.0,5.029020848796597e-05,0.004388036204709067,1.875,True,7.462783377607707,True,True
25mm_uniform,h0.150_o60,3.75,1.875,5.029020852545138e-05,0.0,5.029020848796597e-05,0.007807881691519469,0.0,True,7.3961272669606615,True,True
25mm_uniform,h0.150_o80,3.75,1.875,5.029020852545138e-05,0.0,5.029020848796597e-05,0.011061264133587656,0.0,True,7.337652503881031,True,True
25mm_uniform,h0.150_o100,3.75,1.875,5.0290208525326416e-05,0.0,5.029020848796597e-05,0.013776502946882374,0.0,True,7.302514063608356,True,True
25mm_uniform,h0.300_o40,3.75,1.875,4.828487820174152e-05,0.0,5.029020848796597e-05,0.00578919944627998,1.875,True,6.641734057197368,True,True
25mm_uniform,h0.300_o60,3.75,1.875,0.00048655831363034056,0.0,5.029020848796597e-05,0.010086003125449494,1.875,True,6.571114861931449,True,True
25mm_uniform,h0.300_o80,3.75,1.875,0.009078381189355672,0.0,5.029020848796597e-05,0.013660946227751714,1.875,True,6.521711069994041,True,True
25mm_uniform,h0.300_o100,3.75,1.875,0.0001753320695722807,0.000282452206896049,5.029020848796597e-05,0.0,,True,5.340281943350078,True,True
25mm_uniform,h0.450_o40,3.75,1.875,4.308226671207681e-05,8.15798173256795e-05,5.029020848796597e-05,0.0,,True,3.785365400013063,True,True
25mm_uniform,h0.450_o60,3.75,1.875,8.205747747039199e-05,0.00014956743402672951,5.029020848796597e-05,0.0,,True,4.20243589981979,True,True
25mm_uniform,h0.450_o80,3.75,1.875,0.00012715369645069474,0.0002201282424208043,5.029020848796597e-05,0.0,,True,4.514191896178943,True,True
25mm_uniform,h0.450_o100,3.75,1.875,0.0001753320695722807,0.000282452206896049,5.029020848796597e-05,0.0,,True,4.770037474655453,True,True
25mm_uniform,h0.600_o40,3.75,1.875,4.308226671207681e-05,8.15798173256795e-05,5.029020848796597e-05,0.0,,True,3.380820415148378,True,True
25mm_uniform,h0.600_o60,3.75,1.875,8.205747747039199e-05,0.00014956743402672951,5.029020848796597e-05,0.0,,True,3.7979263287454046,True,True
25mm_uniform,h0.600_o80,3.75,1.875,0.00012715369645069474,0.0002201282424208043,5.029020848796597e-05,0.0,,True,4.109718802683915,True,True
25mm_uniform,h0.600_o100,3.75,1.875,0.0001753320695722807,0.000282452206896049,5.029020848796597e-05,0.0,,True,4.365549661731549,True,True
25mm_uniform,h0.750_o40,3.75,1.875,4.308226671207681e-05,8.15798173256795e-05,5.029020848796597e-05,0.0,,True,3.0670086892570225,True,True
25mm_uniform,h0.750_o60,3.75,1.875,8.205747747039199e-05,0.00014956743402672951,5.029020848796597e-05,0.0,,True,3.4841285564283453,True,True
25mm_uniform,h0.750_o80,3.75,1.875,0.00012715369645069474,0.0002201282424208043,5.029020848796597e-05,0.0,,True,3.7959234447043855,True,True
25mm_uniform,h0.750_o100,3.75,1.875,0.0001753320695722807,0.000282452206896049,5.029020848796597e-05,0.0,,True,4.051954849562378,True,True
25mm_uniform,h0.900_o40,3.75,1.875,4.308226671207681e-05,8.15798173256795e-05,5.029020848796597e-05,0.0,,True,2.8106973703998506,True,True
25mm_uniform,h0.900_o60,3.75,1.875,8.205747747039199e-05,0.00014956743402672951,5.029020848796597e-05,0.0,,True,3.227806221774898,True,True
25mm_uniform,h0.900_o80,3.75,1.875,0.00012715369645069474,0.0002201282424208043,5.029020848796597e-05,0.0,,True,3.5395586252544575,True,True
25mm_uniform,h0.900_o100,3.75,1.875,0.0001753320695722807,0.000282452206896049,5.029020848796597e-05,0.0,,True,3.795583141510761,True,True
25mm_front_loaded,h0.150_o40,3.75,1.875,0.0002607047591168064,0.0,0.000271018584731392,0.0039002297187735735,1.875,True,7.0787032580142295,True,True
25mm_front_loaded,h0.150_o60,3.75,1.875,0.0003655796684802087,0.0,0.000271018584731392,0.006793134804105705,0.0,True,7.0165731516553365,True,True
25mm_front_loaded,h0.150_o80,3.75,1.875,0.00040360399620409355,0.0,0.000271018584731392,0.009508772136406662,0.0,True,6.976678599980346,True,True
25mm_front_loaded,h0.150_o100,3.75,1.875,0.0004454872870626332,0.0,0.000271018584731392,0.011721066775312039,0.0,True,6.958748183846097,True,True
25mm_front_loaded,h0.300_o40,3.75,1.875,0.0004430759201914948,0.0,0.000271018584731392,0.004980753651164349,1.875,True,6.261973984746305,True,True
25mm_front_loaded,h0.300_o60,3.75,1.875,0.0014842354233140485,0.0,0.000271018584731392,0.008327611848939043,0.0,True,6.202776282569289,True,True
25mm_front_loaded,h0.300_o80,3.75,1.875,0.00010103330887482781,0.00017426664869611656,0.000271018584731392,0.0,,True,5.061957098623537,True,True
25mm_front_loaded,h0.300_o100,3.75,1.875,0.0001458701215191814,0.00023310238721535364,0.000271018584731392,0.0,,True,5.3229023259504515,True,True
25mm_front_loaded,h0.450_o40,3.75,1.875,3.657238760303248e-05,6.923518394781704e-05,0.000271018584731392,0.0,,True,3.7594062447524834,True,True
25mm_front_loaded,h0.450_o60,3.75,1.875,6.69649700364322e-05,0.00012191215776391347,0.000271018584731392,0.0,,True,4.177563018637898,True,True
25mm_front_loaded,h0.450_o80,3.75,1.875,0.00010103330887482781,0.00017426664869611656,0.000271018584731392,0.0,,True,4.491725473619823,True,True
25mm_front_loaded,h0.450_o100,3.75,1.875,0.0001458701215191814,0.00023310238721535364,0.000271018584731392,0.0,,True,4.752650055247187,True,True
25mm_front_loaded,h0.600_o40,3.75,1.875,3.657238760303248e-05,6.923518394781704e-05,0.000271018584731392,0.0,,True,3.3549264408236468,True,True
25mm_front_loaded,h0.600_o60,3.75,1.875,6.69649700364322e-05,0.00012191215776391347,0.000271018584731392,0.0,,True,3.7730672124567377,True,True
25mm_front_loaded,h0.600_o80,3.75,1.875,0.00010103330887482781,0.00017426664869611656,0.000271018584731392,0.0,,True,4.08727630394452,True,True
25mm_front_loaded,h0.600_o100,3.75,1.875,0.0001458701215191814,0.00023310238721535364,0.000271018584731392,0.0,,True,4.34813937246048,True,True
25mm_front_loaded,h0.750_o40,3.75,1.875,3.657238760303248e-05,6.923518394781704e-05,0.000271018584731392,0.0,,True,3.041134121629341,True,True
25mm_front_loaded,h0.750_o60,3.75,1.875,6.69649700364322e-05,0.00012191215776391347,0.000271018584731392,0.0,,True,3.459346940878305,True,True
25mm_front_loaded,h0.750_o80,3.75,1.875,0.00010103330887482781,0.00017426664869611656,0.000271018584731392,0.0,,True,3.7735300335405952,True,True
25mm_front_loaded,h0.750_o100,3.75,1.875,0.0001458701215191814,0.00023310238721535364,0.000271018584731392,0.0,,True,4.0345993657282975,True,True
25mm_front_loaded,h0.900_o40,3.75,1.875,3.657238760303248e-05,6.923518394781704e-05,0.000271018584731392,0.0,,True,2.7846903785118116,True,True
25mm_front_loaded,h0.900_o60,3.75,1.875,6.69649700364322e-05,0.00012191215776391347,0.000271018584731392,0.0,,True,3.2029001766510135,True,True
25mm_front_loaded,h0.900_o80,3.75,1.875,0.00010103330887482781,0.00017426664869611656,0.000271018584731392,0.0,,True,3.517193045840372,True,True
25mm_front_loaded,h0.900_o100,3.75,1.875,0.0001458701215191814,0.00023310238721535364,0.000271018584731392,0.0,,True,3.7781616356600267,True,True
25mm_back_loaded,h0.150_o40,3.75,1.875,0.00047243851364798075,0.0,0.00047243851365731004,0.004790995388255226,0.0,True,7.698779190349114,True,True
25mm_back_loaded,h0.150_o60,3.75,1.875,0.00047243851364798075,0.0,0.00047243851365731004,0.008723518733809499,0.0,True,7.6303932549578235,True,True
25mm_back_loaded,h0.150_o80,3.75,1.875,0.00047243851364798075,0.0,0.00047243851365731004,0.012726812402611642,1.875,True,7.572198590779067,True,True
25mm_back_loaded,h0.150_o100,3.75,1.875,0.00047243851364798075,0.0,0.00047243851365731004,0.016400362432051452,1.875,True,7.530466886600351,True,True
25mm_back_loaded,h0.300_o40,3.75,1.875,0.0009028559237955837,0.0,0.00047243851365731004,0.006431673645803215,1.875,True,6.875396368700137,True,True
25mm_back_loaded,h0.300_o60,3.75,1.875,0.0014247634094529107,0.0,0.00047243851365731004,0.011615860365266073,1.875,True,6.805027754570858,True,True
25mm_back_loaded,h0.300_o80,3.75,1.875,0.005145567022431572,0.0,0.00047243851365731004,0.016663425183761404,0.0,True,6.752266720475575,True,True
25mm_back_loaded,h0.300_o100,3.75,1.875,0.00020787573560442045,0.00034171133585304234,0.00047243851365731004,0.0,,True,5.3031513957598975,True,True
25mm_back_loaded,h0.450_o40,3.75,1.875,4.731497814187894e-05,8.966398106048571e-05,0.00047243851365731004,0.0,,True,3.7744771355278317,True,True
25mm_back_loaded,h0.450_o60,3.75,1.875,9.205248791562105e-05,0.00016829040804319315,0.00047243851365731004,0.0,,True,4.182817552687368,True,True
25mm_back_loaded,h0.450_o80,3.75,1.875,0.00014632868039220765,0.0002554830093838631,0.00047243851365731004,0.0,,True,4.485734775007444,True,True
25mm_back_loaded,h0.450_o100,3.75,1.875,0.00020787573560442045,0.00034171133585304234,0.00047243851365731004,0.0,,True,4.733109381406564,True,True
25mm_back_loaded,h0.600_o40,3.75,1.875,4.731497814187894e-05,8.966398106048571e-05,0.00047243851365731004,0.0,,True,3.3699214512154185,True,True
25mm_back_loaded,h0.600_o60,3.75,1.875,9.205248791562105e-05,0.00016829040804319315,0.00047243851365731004,0.0,,True,3.7782894191430216,True,True
25mm_back_loaded,h0.600_o80,3.75,1.875,0.00014632868039220765,0.0002554830093838631,0.00047243851365731004,0.0,,True,4.08126249770433,True,True
25mm_back_loaded,h0.600_o100,3.75,1.875,0.00020787573560442045,0.00034171133585304234,0.00047243851365731004,0.0,,True,4.328648566499282,True,True
25mm_back_loaded,h0.750_o40,3.75,1.875,4.731497814187894e-05,8.966398106048571e-05,0.00047243851365731004,0.0,,True,3.05612840663656,True,True
25mm_back_loaded,h0.750_o60,3.75,1.875,9.205248791562105e-05,0.00016829040804319315,0.00047243851365731004,0.0,,True,3.464561690559975,True,True
25mm_back_loaded,h0.750_o80,3.75,1.875,0.00014632868039220765,0.0002554830093838631,0.00047243851365731004,0.0,,True,3.7674844259292684,True,True
25mm_back_loaded,h0.750_o100,3.75,1.875,0.00020787573560442045,0.00034171133585304234,0.00047243851365731004,0.0,,True,4.014840164016675,True,True
25mm_back_loaded,h0.900_o40,3.75,1.875,4.731497814187894e-05,8.966398106048571e-05,0.00047243851365731004,0.0,,True,2.7998023714360443,True,True
25mm_back_loaded,h0.900_o60,3.75,1.875,9.205248791562105e-05,0.00016829040804319315,0.00047243851365731004,0.0,,True,3.208126787244936,True,True
25mm_back_loaded,h0.900_o80,3.75,1.875,0.00014632868039220765,0.0002554830093838631,0.00047243851365731004,0.0,,True,3.5111174838156956,True,True
25mm_back_loaded,h0.900_o100,3.75,1.875,0.00020787573560442045,0.00034171133585304234,0.00047243851365731004,0.0,,True,3.758454460517058,True,True
50mm_uniform,h0.150_o40,3.75,1.875,1.7515907334351628e-05,0.0,1.7515907317813052e-05,0.005204429087427798,0.0,True,7.837471292759801,True,True
50mm_uniform,h0.150_o60,3.75,1.875,1.7515907334351628e-05,0.0,1.7515907317813052e-05,0.00971236849582624,1.875,True,7.7894707959345055,True,True
50mm_uniform,h0.150_o80,3.75,1.875,1.7515907334351628e-05,0.0,1.7515907317813052e-05,0.014515081750175796,1.875,True,7.73937496991266,True,True
50mm_uniform,h0.150_o100,3.75,1.875,1.7515907334351628e-05,0.0,1.7515907317813052e-05,0.01918458161746628,1.875,True,7.7032665712224,True,True
50mm_uniform,h0.300_o40,3.75,1.875,1.751590730127467e-05,0.0,1.7515907317813052e-05,0.006998546254749272,1.875,True,7.029111361690354,True,True
50mm_uniform,h0.300_o60,3.75,1.875,1.751590730127467e-05,0.0,1.7515907317813052e-05,0.012992010759731443,0.0,True,6.972049700361538,True,True
50mm_uniform,h0.300_o80,3.75,1.875,1.751590730127467e-05,0.0,1.7515907317813052e-05,0.019337681113157146,1.875,True,6.925899630867605,True,True
50mm_uniform,h0.300_o100,3.75,1.875,1.7515907301274666e-05,0.0,1.7515907317813052e-05,0.025313755639430724,1.875,True,6.890326661190471,True,True
50mm_uniform,h0.450_o40,3.75,1.875,1.751590726831785e-05,0.0,1.7515907317813052e-05,0.008199698901634633,0.0,True,6.545611462372847,True,True
50mm_uniform,h0.450_o60,3.75,1.875,1.751590726831785e-05,0.0,1.7515907317813052e-05,0.015099682203270959,1.875,True,6.489728230302205,True,True
50mm_uniform,h0.450_o80,3.75,1.875,1.751590726831785e-05,0.0,1.7515907317813052e-05,0.022157311892435416,1.875,True,6.440693989193136,True,True
50mm_uniform,h0.450_o100,3.75,1.875,1.751590726843857e-05,0.0,1.7515907317813052e-05,0.02835258526455675,1.875,True,6.401249407857534,True,True
50mm_uniform,h0.600_o40,3.75,1.875,1.751590726831785e-05,0.0,1.7515907317813052e-05,0.009150509635368564,0.0,True,6.203456551351394,True,True
50mm_uniform,h0.600_o60,3.75,1.875,1.751590726831785e-05,0.0,1.7515907317813052e-05,0.016672882390253108,0.0,True,6.142238939833788,True,True
50mm_uniform,h0.600_o80,3.75,1.875,1.751590726843857e-05,0.0,1.7515907317813052e-05,0.024160265831184802,1.875,True,6.093568957082596,True,True
50mm_uniform,h0.600_o100,3.75,1.875,0.0016124092203414712,0.0,1.7515907317813052e-05,0.030180415286565676,0.0,True,6.0527756330294835,True,True
50mm_uniform,h0.750_o40,3.75,1.875,0.0013154148134106626,0.0,1.7515907317813052e-05,0.009928154967781211,0.0,True,5.933148032589486,True,True
50mm_uniform,h0.750_o60,3.75,1.875,0.003938822868689765,0.0,1.7515907317813052e-05,0.01792260896623965,0.0,True,5.873577522196172,True,True
50mm_uniform,h0.750_o80,3.75,1.875,9.031593247575273e-05,0.00017061221188549377,1.7515907317813052e-05,0.0,,True,4.145788493495672,True,True
50mm_uniform,h0.750_o100,3.75,1.875,0.00012469951625769735,0.00022985339140646748,1.7515907317813052e-05,0.0,,True,4.397356003816455,True,True
50mm_uniform,h0.900_o40,3.75,1.875,3.0375573434369616e-05,5.9346623676216734e-05,1.7515907317813052e-05,0.0,,True,3.1703377629895613,True,True
50mm_uniform,h0.900_o60,3.75,1.875,5.8051387319858556e-05,0.0001117412734384193,1.7515907317813052e-05,0.0,,True,3.5821912024509572,True,True
50mm_uniform,h0.900_o80,3.75,1.875,9.031593247575273e-05,0.00017061221188549377,1.7515907317813052e-05,0.0,,True,3.889448624465075,True,True
50mm_uniform,h0.900_o100,3.75,1.875,0.00012469951625769735,0.00022985339140646748,1.7515907317813052e-05,0.0,,True,4.141005174375678,True,True
50mm_front_loaded,h0.150_o40,3.75,1.875,0.000303343907917266,0.0,0.00030334390790456525,0.004724171811233191,1.875,True,7.446852756407907,True,True
50mm_front_loaded,h0.150_o60,3.75,1.875,0.000303343907917266,0.0,0.00030334390790456525,0.008728097231397669,1.875,True,7.400937325948576,True,True
50mm_front_loaded,h0.150_o80,3.75,1.875,0.000303343907917266,0.0,0.00030334390790456525,0.012934447250955827,1.875,True,7.358784190182632,True,True
50mm_front_loaded,h0.150_o100,3.75,1.875,0.000303343907917266,0.0,0.00030334390790456525,0.01697188581830744,0.0,True,7.325481898858044,True,True
50mm_front_loaded,h0.300_o40,3.75,1.875,0.000342876474093984,0.0,0.00030334390790456525,0.006283975565224864,0.0,True,6.641622051253648,True,True
50mm_front_loaded,h0.300_o60,3.75,1.875,0.0003958999554437524,0.0,0.00030334390790456525,0.011510556082996004,0.0,True,6.591507520603557,True,True
50mm_front_loaded,h0.300_o80,3.75,1.875,0.00045280820765169767,0.0,0.00030334390790456525,0.01693094174807186,0.0,True,6.552795328968841,True,True
50mm_front_loaded,h0.300_o100,3.75,1.875,0.00033849534926681324,0.0,0.00030334390790456525,0.021987794590316412,1.875,True,6.527820453258926,True,True
50mm_front_loaded,h0.450_o40,3.75,1.875,0.0011723790962287325,0.0,0.00030334390790456525,0.007278643030502963,1.875,True,6.160581948526556,True,True
50mm_front_loaded,h0.450_o60,3.75,1.875,0.0003206030289448184,0.0,0.00030334390790456525,0.013116013659157488,1.875,True,6.104780638969487,True,True
50mm_front_loaded,h0.450_o80,3.75,1.875,0.000902851876818529,0.0,0.00030334390790456525,0.018959392801164654,0.0,True,6.069687144529468,True,True
50mm_front_loaded,h0.450_o100,3.75,1.875,0.001025491788374792,0.0,0.00030334390790456525,0.024102135659163082,0.0,True,6.056829037822098,True,True
50mm_front_loaded,h0.600_o40,3.75,1.875,0.0010501790440319478,0.0,0.00030334390790456525,0.008005256204064892,0.0,True,5.814167742303766,True,True
50mm_front_loaded,h0.600_o60,3.75,1.875,0.0011074377228510368,0.0,0.00030334390790456525,0.014224327159503503,0.0,True,5.76029367419153,True,True
50mm_front_loaded,h0.600_o80,3.75,1.875,0.0013745991243617579,0.0,0.00030334390790456525,0.02009957610676949,0.0,True,5.727632424071061,True,True
50mm_front_loaded,h0.600_o100,3.75,1.875,0.00037625394415303077,0.0,0.00030334390790456525,0.02474763121547241,1.875,True,5.73649727095642,True,True
50mm_front_loaded,h0.750_o40,3.75,1.875,0.0027265403255847475,0.0,0.00030334390790456525,0.008587360630254892,1.875,True,5.549556299159519,True,True
50mm_front_loaded,h0.750_o60,3.75,1.875,0.0022310857848556586,0.0,0.00030334390790456525,0.014958232225184886,0.0,True,5.494426865079305,True,True
50mm_front_loaded,h0.750_o80,3.75,1.875,7.31725139875315e-05,0.00013814538080059245,0.00030334390790456525,0.0,,True,4.111747332610349,True,True
50mm_front_loaded,h0.750_o100,3.75,1.875,0.00010131389621672668,0.00018650660488172256,0.00030334390790456525,0.0,,True,4.362554527904194,True,True
50mm_front_loaded,h0.900_o40,3.75,1.875,2.6162818712532652e-05,5.111372414803797e-05,0.00030334390790456525,0.0,,True,3.1417511591342873,True,True
50mm_front_loaded,h0.900_o60,3.75,1.875,4.8383322263556505e-05,9.311371014500511e-05,0.00030334390790456525,0.0,,True,3.5503149983298954,True,True
50mm_front_loaded,h0.900_o80,3.75,1.875,7.31725139875315e-05,0.00013814538080059245,0.00030334390790456525,0.0,,True,3.8553890334391383,True,True
50mm_front_loaded,h0.900_o100,3.75,1.875,0.00010131389621672668,0.00018650660488172256,0.00030334390790456525,0.0,,True,4.106105288594364,True,True
50mm_back_loaded,h0.150_o40,3.75,1.875,0.0004127944940389831,0.0,0.0004127944940509659,0.0054985789482771,0.0,True,8.071154413664772,True,True
50mm_back_loaded,h0.150_o60,3.75,1.875,0.0004127944940389831,0.0,0.0004127944940509659,0.01036666174735501,1.875,True,8.02494240063254,True,True
50mm_back_loaded,h0.150_o80,3.75,1.875,0.0004127944940389831,0.0,0.0004127944940509659,0.015663887642176633,1.875,True,7.9775793342165,True,True
50mm_back_loaded,h0.150_o100,3.75,1.875,0.0004127944940389831,0.0,0.0004127944940509659,0.020928137507070232,1.875,True,7.9407565474447495,True,True
50mm_back_loaded,h0.300_o40,3.75,1.875,0.000412794494049998,0.0,0.0004127944940509659,0.007506636885423745,1.875,True,7.262666046121069,True,True
50mm_back_loaded,h0.300_o60,3.75,1.875,0.000412794494049998,0.0,0.0004127944940509659,0.014186670067985574,1.875,True,7.2124362601584835,True,True
50mm_back_loaded,h0.300_o80,3.75,1.875,0.00041279449405015996,0.0,0.0004127944940509659,0.021504146579317762,1.875,True,7.166846631120194,True,True
50mm_back_loaded,h0.300_o100,3.75,1.875,0.000412794494049998,0.0,0.0004127944940509659,0.028766389795222835,0.0,True,7.128334964643557,True,True
50mm_back_loaded,h0.450_o40,3.75,1.875,0.00041279449409420134,0.0,0.0004127944940509659,0.008905831927066288,1.875,True,6.785079260527027,True,True
50mm_back_loaded,h0.450_o60,3.75,1.875,0.00041279449409420134,0.0,0.0004127944940509659,0.016709893864145897,0.0,True,6.725128063253294,True,True
50mm_back_loaded,h0.450_o80,3.75,1.875,0.00041279449409420134,0.0,0.0004127944940509659,0.025170723012081453,0.0,True,6.677430882628954,True,True
50mm_back_loaded,h0.450_o100,3.75,1.875,0.00041279449409420134,0.0,0.0004127944940509659,0.03339383922457273,1.875,True,6.6377562358098885,True,True
50mm_back_loaded,h0.600_o40,3.75,1.875,0.0003210144520732851,0.0,0.0004127944940509659,0.010002459330841873,0.0,True,6.439901765364198,True,True
50mm_back_loaded,h0.600_o60,3.75,1.875,0.0003210144520732851,0.0,0.0004127944940509659,0.018681762614129127,1.875,True,6.379359631734616,True,True
50mm_back_loaded,h0.600_o80,3.75,1.875,0.0007892241858831748,0.0,0.0004127944940509659,0.027980423938714694,0.0,True,6.333138266560923,True,True
50mm_back_loaded,h0.600_o100,3.75,1.875,0.0012238792025857145,0.0,0.0004127944940509659,0.036664095661723906,1.875,True,6.290628755871808,True,True
50mm_back_loaded,h0.750_o40,3.75,1.875,0.0016898976822856619,0.0,0.0004127944940509659,0.010903459497185963,1.875,True,6.172716822432278,True,True
50mm_back_loaded,h0.750_o60,3.75,1.875,0.005361653471426901,0.0,0.0004127944940509659,0.020181540004609033,0.0,True,6.110404681890458,True,True
50mm_back_loaded,h0.750_o80,3.75,1.875,0.0068361000319300666,0.0,0.0004127944940509659,0.029474502812047554,0.0,True,6.0607492107251915,True,True
50mm_back_loaded,h0.750_o100,3.75,1.875,0.00014377030358126648,0.0002663763472122878,0.0004127944940509659,0.0,,True,4.3818546407177195,True,True
50mm_back_loaded,h0.900_o40,3.75,1.875,3.3053464648112856e-05,6.459240448201305e-05,0.0004127944940509659,0.0,,True,3.173516805580334,True,True
50mm_back_loaded,h0.900_o60,3.75,1.875,6.432108352933273e-05,0.00012391004453483017,0.0004127944940509659,0.0,,True,3.5800489757477294,True,True
50mm_back_loaded,h0.900_o80,3.75,1.875,0.00010182292286294352,0.00019277726925692572,0.0004127944940509659,0.0,,True,3.8809436884648107,True,True
50mm_back_loaded,h0.900_o100,3.75,1.875,0.00014377030358126648,0.0002663763472122878,0.0004127944940509659,0.0,,True,4.1256943165109305,True,True
100mm_uniform,h0.150_o40,3.75,1.875,5.359299045479192e-06,0.0,5.35929903867112e-06,0.005923372789879977,1.875,True,8.172943187528858,True,True
100mm_uniform,h0.150_o60,3.75,1.875,5.359299045479192e-06,0.0,5.35929903867112e-06,0.011435086037408837,0.0,True,8.153798142286917,True,True
100mm_uniform,h0.150_o80,3.75,1.875,5.359299045479192e-06,0.0,5.35929903867112e-06,0.017600224842567513,0.0,True,8.113557231229152,True,True
100mm_uniform,h0.150_o100,3.75,1.875,5.359299045479192e-06,0.0,5.35929903867112e-06,0.02397143853511352,0.0,True,8.080728013145944,True,True
100mm_uniform,h0.300_o40,3.75,1.875,5.359299020994019e-06,0.0,5.35929903867112e-06,0.008106405710407216,1.875,True,7.37775409850201,True,True
100mm_uniform,h0.300_o60,3.75,1.875,5.359299020994019e-06,0.0,5.35929903867112e-06,0.01567854547084835,1.875,True,7.34706153515674,True,True
100mm_uniform,h0.300_o80,3.75,1.875,5.359299020994019e-06,0.0,5.35929903867112e-06,0.024311159648902958,0.0,True,7.308792271341247,True,True
100mm_uniform,h0.300_o100,3.75,1.875,5.359299020994019e-06,0.0,5.35929903867112e-06,0.03345130430381005,1.875,True,7.28000214154747,True,True
100mm_uniform,h0.450_o40,3.75,1.875,5.359299069844925e-06,0.0,5.35929903867112e-06,0.00959885829729501,0.0,True,6.905622886667118,True,True
100mm_uniform,h0.450_o60,3.75,1.875,5.359299069844925e-06,0.0,5.35929903867112e-06,0.01848436240271667,0.0,True,6.8686577148028505,True,True
100mm_uniform,h0.450_o80,3.75,1.875,5.359299069844925e-06,0.0,5.35929903867112e-06,0.02850897233525984,1.875,True,6.826957506211073,True,True
100mm_uniform,h0.450_o100,3.75,1.875,5.359299069844925e-06,0.0,5.35929903867112e-06,0.03890044207457777,0.0,True,6.793262187841975,True,True
100mm_uniform,h0.600_o40,3.75,1.875,5.359299069844925e-06,0.0,5.35929903867112e-06,0.010780834377555948,0.0,True,6.569651898472273,True,True
100mm_uniform,h0.600_o60,3.75,1.875,5.359299069844925e-06,0.0,5.35929903867112e-06,0.020633883570411626,1.875,True,6.526151711672412,True,True
100mm_uniform,h0.600_o80,3.75,1.875,5.359299069844925e-06,0.0,5.35929903867112e-06,0.03164660175374934,0.0,True,6.483821504774312,True,True
100mm_uniform,h0.600_o100,3.75,1.875,5.359299069964365e-06,0.0,5.35929903867112e-06,0.04287059797368897,1.875,True,6.448403619714327,True,True
100mm_uniform,h0.750_o40,3.75,1.875,5.359298972023673e-06,0.0,5.35929903867112e-06,0.01176389160301028,1.875,True,6.304702909272919,True,True
100mm_uniform,h0.750_o60,3.75,1.875,5.359298972023673e-06,0.0,5.35929903867112e-06,0.022379517299498275,1.875,True,6.255784005049492,True,True
100mm_uniform,h0.750_o80,3.75,1.875,5.359298972023673e-06,0.0,5.35929903867112e-06,0.034138359385991635,1.875,True,6.212920103840247,True,True
100mm_uniform,h0.750_o100,3.75,1.875,5.3592989720236735e-06,0.0,5.35929903867112e-06,0.045946456734696994,1.875,True,6.179266372611281,True,True
100mm_uniform,h0.900_o40,3.75,1.875,5.359298972023673e-06,0.0,5.35929903867112e-06,0.01261484066463936,0.0,True,6.086604600285739,True,True
100mm_uniform,h0.900_o60,3.75,1.875,5.359298972023673e-06,0.0,5.35929903867112e-06,0.02388117008467816,1.875,True,6.035499733790317,True,True
100mm_uniform,h0.900_o80,3.75,1.875,5.359298972023673e-06,0.0,5.35929903867112e-06,0.036286883740444864,1.875,True,5.994970678689526,True,True
100mm_uniform,h0.900_o100,3.75,1.875,5.359298972023673e-06,0.0,5.35929903867112e-06,0.0483564557626579,1.875,True,5.954567064216221,True,True
100mm_front_loaded,h0.150_o40,3.75,1.875,0.0002927753049188739,0.0,0.0002927753049264016,0.005394054734665588,0.0,True,7.774919882692188,True,True
100mm_front_loaded,h0.150_o60,3.75,1.875,0.0002927753049188739,0.0,0.0002927753049264016,0.010357445477438887,0.0,True,7.760839160503963,True,True
100mm_front_loaded,h0.150_o80,3.75,1.875,0.0002927753049186947,0.0,0.0002927753049264016,0.015879578331805533,0.0,True,7.728540414375118,True,True
100mm_front_loaded,h0.150_o100,3.75,1.875,0.0002927753049188739,0.0,0.0002927753049264016,0.021529397791198335,0.0,True,7.700521659558035,True,True
100mm_front_loaded,h0.300_o40,3.75,1.875,0.0002927753049188739,0.0,0.0002927753049264016,0.0073613122454503355,0.0,True,6.983005333690073,True,True
100mm_front_loaded,h0.300_o60,3.75,1.875,0.0002927753049188739,0.0,0.0002927753049264016,0.014154273329154421,1.875,True,6.960777736263424,True,True
100mm_front_loaded,h0.300_o80,3.75,1.875,0.0002927753049188739,0.0,0.0002927753049264016,0.021794623887103626,0.0,True,6.927239823432529,True,True
100mm_front_loaded,h0.300_o100,3.75,1.875,0.0002927753049188739,0.0,0.0002927753049264016,0.029719169860072725,0.0,True,6.895476328602967,True,True
100mm_front_loaded,h0.450_o40,3.75,1.875,0.0002927753049556161,0.0,0.0002927753049264016,0.008681686366344366,1.875,True,6.5124046620809395,True,True
100mm_front_loaded,h0.450_o60,3.75,1.875,0.0002927753049556161,0.0,0.0002927753049264016,0.016544969203266646,1.875,True,6.4783354863507725,True,True
100mm_front_loaded,h0.450_o80,3.75,1.875,0.0002927753049556161,0.0,0.0002927753049264016,0.0253309806348625,1.875,True,6.444031471860967,True,True
100mm_front_loaded,h0.450_o100,3.75,1.875,0.0002927753049556161,0.0,0.0002927753049264016,0.03439611132947107,1.875,True,6.418834777178262,True,True
100mm_front_loaded,h0.600_o40,3.75,1.875,0.0002927753049556161,0.0,0.0002927753049264016,0.00970548150638706,1.875,True,6.175160732645679,True,True
100mm_front_loaded,h0.600_o60,3.75,1.875,0.00030019735369782823,0.0,0.0002927753049264016,0.01835398166400637,0.0,True,6.135334853142638,True,True
100mm_front_loaded,h0.600_o80,3.75,1.875,0.00040029251699616773,0.0,0.0002927753049264016,0.027890851440844244,1.875,True,6.099104644843578,True,True
100mm_front_loaded,h0.600_o100,3.75,1.875,0.00032626966697659084,0.0,0.0002927753049264016,0.037583462238274024,1.875,True,6.075591376007594,True,True
100mm_front_loaded,h0.750_o40,3.75,1.875,0.0009482945751801828,0.0,0.0002927753049264016,0.01054252156319535,1.875,True,5.911447486180066,True,True
100mm_front_loaded,h0.750_o60,3.75,1.875,0.0009885625818942317,0.0,0.0002927753049264016,0.019835634207197472,1.875,True,5.8723478676995455,True,True
100mm_front_loaded,h0.750_o80,3.75,1.875,0.0006952731267287112,0.0,0.0002927753049264016,0.029911803165816764,0.0,True,5.834814348181538,True,True
100mm_front_loaded,h0.750_o100,3.75,1.875,0.0003379997660081251,0.0,0.0002927753049264016,0.039924057463110785,1.875,True,5.809086118944862,True,True
100mm_front_loaded,h0.900_o40,3.75,1.875,0.0007343757028630079,0.0,0.0002927753049264016,0.011253272888069432,0.0,True,5.694873078901708,True,True
100mm_front_loaded,h0.900_o60,3.75,1.875,0.0007416056582055085,0.0,0.0002927753049264016,0.02104668501746687,0.0,True,5.655132144940467,True,True
100mm_front_loaded,h0.900_o80,3.75,1.875,0.0007610771773708147,0.0,0.0002927753049264016,0.03145165844426856,0.0,True,5.612839654803281,True,True
100mm_front_loaded,h0.900_o100,3.75,1.875,0.0008033485486147925,0.0,0.0002927753049264016,0.04164265990559102,0.0,True,5.590111184289626,True,True
100mm_back_loaded,h0.150_o40,3.75,1.875,0.00038797201354566317,0.0,0.00038797201354614163,0.006122384954721838,0.0,True,8.389391398972634,True,True
100mm_back_loaded,h0.150_o60,3.75,1.875,0.00038797201354566317,0.0,0.00038797201354614163,0.011874598520023483,0.0,True,8.381350765814943,True,True
100mm_back_loaded,h0.150_o80,3.75,1.875,0.00038797201354550363,0.0,0.00038797201354614163,0.018379394191640586,1.875,True,8.351509898015763,True,True
100mm_back_loaded,h0.150_o100,3.75,1.875,0.00038797201354566317,0.0,0.00038797201354614163,0.025093965554106035,0.0,True,8.318121154584901,True,True
100mm_back_loaded,h0.300_o40,3.75,1.875,0.00038797201354566317,0.0,0.00038797201354614163,0.00846823558589449,0.0,True,7.603087681590637,True,True
100mm_back_loaded,h0.300_o60,3.75,1.875,0.00038797201354566317,0.0,0.00038797201354614163,0.016523272716369775,1.875,True,7.584325280294024,True,True
100mm_back_loaded,h0.300_o80,3.75,1.875,0.00038797201354566317,0.0,0.00038797201354614163,0.02578149436573085,0.0,True,7.548929763913748,True,True
100mm_back_loaded,h0.300_o100,3.75,1.875,0.00038797201354566317,0.0,0.00038797201354614163,0.0356277838927781,0.0,True,7.518079449501869,True,True
100mm_back_loaded,h0.450_o40,3.75,1.875,0.0003879720135348138,0.0,0.00038797201354614163,0.010115462522378493,0.0,True,7.133785120490188,True,True
100mm_back_loaded,h0.450_o60,3.75,1.875,0.0003879720135348138,0.0,0.00038797201354614163,0.019669594100719223,1.875,True,7.105136278740076,True,True
100mm_back_loaded,h0.450_o80,3.75,1.875,0.0003879720135348138,0.0,0.00038797201354614163,0.03063219215260915,1.875,True,7.067796694310857,True,True
100mm_back_loaded,h0.450_o100,3.75,1.875,0.0003879720135348138,0.0,0.00038797201354614163,0.04222503935895361,0.0,True,7.036109153808923,True,True
100mm_back_loaded,h0.600_o40,3.75,1.875,0.0003879720135348138,0.0,0.00038797201354614163,0.011431080758029566,1.875,True,6.797163804094453,True,True
100mm_back_loaded,h0.600_o60,3.75,1.875,0.0003879720135348138,0.0,0.00038797201354614163,0.022162877252583257,0.0,True,6.765755154614794,True,True
100mm_back_loaded,h0.600_o80,3.75,1.875,0.0003879720135348138,0.0,0.00038797201354614163,0.03437111673716231,0.0,True,6.724123968890439,True,True
100mm_back_loaded,h0.600_o100,3.75,1.875,0.0003879720135348138,0.0,0.00038797201354614163,0.04711096159377348,1.875,True,6.686296975461659,True,True
100mm_back_loaded,h0.750_o40,3.75,1.875,0.000387972013578354,0.0,0.00038797201354614163,0.012547387546106847,1.875,True,6.534989581398065,True,True
100mm_back_loaded,h0.750_o60,3.75,1.875,0.000387972013578354,0.0,0.00038797201354614163,0.02420676697363433,0.0,True,6.494937785764421,True,True
100mm_back_loaded,h0.750_o80,3.75,1.875,0.000387972013578354,0.0,0.00038797201354614163,0.03743149841469062,0.0,True,6.452886275368996,True,True
100mm_back_loaded,h0.750_o100,3.75,1.875,0.000387972013578354,0.0,0.00038797201354614163,0.05117890911697032,1.875,True,6.416841683475383,True,True
100mm_back_loaded,h0.900_o40,3.75,1.875,0.000387972013578354,0.0,0.00038797201354614163,0.01353228297554665,0.0,True,6.320979866616483,True,True
100mm_back_loaded,h0.900_o60,3.75,1.875,0.000387972013578354,0.0,0.00038797201354614163,0.026020522910016552,0.0,True,6.276460839067255,True,True
100mm_back_loaded,h0.900_o80,3.75,1.875,0.000387972013578354,0.0,0.00038797201354614163,0.040147975042970074,1.875,True,6.234822448220001,True,True
100mm_back_loaded,h0.900_o100,3.75,1.875,0.000387972013578354,0.0,0.00038797201354614163,0.0547139974488573,1.875,True,6.1986892630560675,True,True
