event_id,rainfall_mm,shape,dt_s,horizon_h,curve_number,lag_min,discharge_coefficient,rainfall_total_mm,parking_runoff_m3,direct_rain_m3,total_inflow_m3,runoff_generation_error_m3,transform_error_m3,inflow_tail_end_h,baseline_peak_m3_s,baseline_time_to_peak_min,design_id,storage_depth_m,capacity_m3,outlet_side_mm,peak_downstream_m3_s,peak_reduction_pct,time_to_peak_min,maximum_storage_m3,maximum_depth_m,overflow_m3,overflow_onset_min,controlled_discharge_m3,total_discharge_m3,residual_storage_m3,drawdown_h_after_rain,routing_balance_error_m3,routing_balance_relative_error,peak_pass,overflow_pass,drawdown_pass,simulation_runtime_s,all_pass
25mm_uniform,25.0,uniform,15.0,60.0,98.0,10.0,0.62,25.0,78.80595469107675,5.000000000000001,83.80595469107675,0.0,-1.4210854715202004e-14,1.8416666666666666,0.027755661457152372,59.875,h0.150_o40,0.15,30.0,40.0,0.027755661457152313,2.1094237467877974e-13,59.875,30.0,0.15,47.663627371662386,40.25,36.01635648177734,83.67998385343974,0.12597083747970034,37.713666658613036,1.5732665170631321e-10,1.877272948995647e-12,False,False,False,0.1414872920140624,False
25mm_uniform,25.0,uniform,15.0,30.0,98.0,10.0,0.62,25.0,78.80595469107675,5.000000000000001,83.80595469107675,0.0,-1.4210854715202004e-14,1.8416666666666666,0.027755661457152372,59.875,h0.150_o60,0.15,30.0,60.0,0.027755661457152313,2.1094237467877974e-13,59.875,30.0,0.15,41.790724277942466,41.25,41.79811010638553,83.58883438432801,0.2171203063445349,24.415671159435497,4.0421901936760207e-10,4.823273248990759e-12,False,False,False,0.040754750021733344,False
25mm_uniform,25.0,uniform,15.0,30.0,98.0,10.0,0.62,25.0,78.80595469107675,5.000000000000001,83.80595469107675,0.0,-1.4210854715202004e-14,1.8416666666666666,0.027755661457152372,59.875,h0.150_o80,0.15,30.0,80.0,0.027755661457152313,2.1094237467877974e-13,59.875,30.0,0.15,35.03751658978052,42.25,48.644113547402426,83.68163013718295,0.12432455372664662,18.1559295389532,1.6715319406390705e-10,1.994526459128861e-12,False,False,True,0.049789999960921705,False
25mm_uniform,25.0,uniform,15.0,30.0,98.0,10.0,0.62,25.0,78.80595469107675,5.000000000000001,83.80595469107675,0.0,-1.4210854715202004e-14,1.8416666666666666,0.027755661457152372,59.875,h0.150_o100,0.15,30.0,100.0,0.027755661457152317,1.9984014443252818e-13,59.875,30.0,0.15,27.966597106062952,43.75,55.75839670629195,83.72499381235488,0.08096087858535093,14.499453712953429,1.3651692276628324e-10,1.628964472387532e-12,False,False,True,0.0458847499685362,False
25mm_uniform,25.0,uniform,15.0,60.0,98.0,10.0,0.62,25.0,78.80595469107675,5.000000000000001,83.80595469107675,0.0,-1.4210854715202004e-14,1.8416666666666666,0.027755661457152372,59.875,h0.300_o40,0.3,60.0,40.0,0.026389442561600637,4.922307103582558,60.625,60.0,0.3,16.14933251337328,60.25,67.51099187339716,83.66032438677045,0.1456303054334647,30.46522670462519,-1.1271559519077101e-09,1.3449592646042897e-11,False,False,False,0.1433501250576228,False
25mm_uniform,25.0,uniform,15.0,30.0,98.0,10.0,0.62,25.0,78.80595469107675,5.000000000000001,83.80595469107675,0.0,-1.4210854715202004e-14,1.8416666666666666,0.027755661457152372,59.875,h0.300_o60,0.3,60.0,60.0,0.025764289639329262,7.174650911841097,63.625,60.0,0.3,8.960645764991286,63.25,74.59845218453961,83.5590979495309,0.2468567394787511,18.67195990314548,2.067104015734955e-09,2.4665359679448294e-11,False,False,True,0.04339795804116875,False
25mm_uniform,25.0,uniform,15.0,30.0,98.0,10.0,0.62,25.0,78.80595469107675,5.000000000000001,83.80595469107675,0.0,-1.4210854715202004e-14,1.8416666666666666,0.027755661457152372,59.875,h0.300_o80,0.3,60.0,80.0,0.016442598314960814,40.75947950170825,70.125,60.0,0.3,0.974346858227571,69.75,82.69791356292446,83.67226042115202,0.1336942697663113,13.501807150076129,1.5842036016344707e-10,1.8903234352190357e-12,False,False,True,0.050223708036355674,False
25mm_uniform,25.0,uniform,15.0,30.0,98.0,10.0,0.62,25.0,78.80595469107675,5.000000000000001,83.80595469107675,0.0,-1.4210854715202004e-14,1.8416666666666666,0.027755661457152372,59.875,h0.300_o100,0.3,60.0,100.0,0.012750647629614678,54.0610925475568,71.875,53.32221100317374,0.2666110550158687,0.0,,83.72186835342184,83.72186835342184,0.08408633754552472,10.473053307125491,1.0938475125676916e-10,1.305214547820382e-12,True,True,True,0.047189250006340444,True
25mm_uniform,25.0,uniform,15.0,30.0,98.0,10.0,0.62,25.0,78.80595469107675,5.000000000000001,83.80595469107675,0.0,-1.4210854715202004e-14,1.8416666666666666,0.027755661457152372,59.875,h0.450_o40,0.45,90.0,40.0,0.002633029653822311,90.51354024516031,81.625,75.85875589732436,0.3792937794866218,0.0,,83.03715547924655,83.03715547924655,0.7687992134393618,27.145272946123043,-1.60916258096222e-09,1.920105303846095e-11,True,True,False,0.04976104199886322,False
25mm_uniform,25.0,uniform,15.0,30.0,98.0,10.0,0.62,25.0,78.80595469107675,5.000000000000001,83.80595469107675,0.0,-1.4210854715202004e-14,1.8416666666666666,0.027755661457152372,59.875,h0.450_o60,0.45,90.0,60.0,0.005533633073436964,80.06304738231704,77.125,68.7253999915318,0.343626999957659,0.0,,83.55125435614825,83.55125435614825,0.25470033053945285,15.728309087475441,4.3890477918751e-09,5.237155054260631e-11,True,True,True,0.05042300000786781,True
25mm_uniform,25.0,uniform,15.0,30.0,98.0,10.0,0.62,25.0,78.80595469107675,5.000000000000001,83.80595469107675,0.0,-1.4210854715202004e-14,1.8416666666666666,0.027755661457152372,59.875,h0.450_o80,0.45,90.0,80.0,0.009034176430490181,67.45104978154949,74.125,60.95938529486401,0.30479692647432005,0.0,,83.67199851702289,83.67199851702289,0.13395617387030778,10.987249762078543,1.8355639230804854e-10,2.190254773478438e-12,True,True,True,0.0483450829051435,True
25mm_uniform,25.0,uniform,15.0,30.0,98.0,10.0,0.62,25.0,78.80595469107675,5.000000000000001,83.80595469107675,0.0,-1.4210854715202004e-14,1.8416666666666666,0.027755661457152372,59.875,h0.450_o100,0.45,90.0,100.0,0.012750647629614678,54.0610925475568,71.875,53.32221100317374,0.2666110550158687,0.0,,83.72186835342184,83.72186835342184,0.08408633754552472,8.438187682502337,1.0938475125676916e-10,1.305214547820382e-12,True,True,True,0.04299166693817824,True
25mm_uniform,25.0,uniform,15.0,30.0,98.0,10.0,0.62,25.0,78.80595469107675,5.000000000000001,83.80595469107675,0.0,-1.4210854715202004e-14,1.8416666666666666,0.027755661457152372,59.875,h0.600_o40,0.6,120.0,40.0,0.002633029653822311,90.51354024516031,81.625,75.85875589732436,0.3792937794866218,0.0,,83.03715547924655,83.03715547924655,0.7687992134393618,24.11370920095425,-1.60916258096222e-09,1.920105303846095e-11,True,True,False,0.05117895791772753,False
25mm_uniform,25.0,uniform,15.0,30.0,98.0,10.0,0.62,25.0,78.80595469107675,5.000000000000001,83.80595469107675,0.0,-1.4210854715202004e-14,1.8416666666666666,0.027755661457152372,59.875,h0.600_o60,0.6,120.0,60.0,0.005533633073436964,80.06304738231704,77.125,68.7253999915318,0.343626999957659,0.0,,83.55125435614825,83.55125435614825,0.25470033053945285,13.706967084718633,4.3890477918751e-09,5.237155054260631e-11,True,True,True,0.05003050004597753,True
25mm_uniform,25.0,uniform,15.0,30.0,98.0,10.0,0.62,25.0,78.80595469107675,5.000000000000001,83.80595469107675,0.0,-1.4210854715202004e-14,1.8416666666666666,0.027755661457152372,59.875,h0.600_o80,0.6,120.0,80.0,0.009034176430490181,67.45104978154949,74.125,60.95938529486401,0.30479692647432005,0.0,,83.67199851702289,83.67199851702289,0.13395617387030778,9.471018477270498,1.8355639230804854e-10,2.190254773478438e-12,True,True,True,0.046970332972705364,True
25mm_uniform,25.0,uniform,15.0,30.0,98.0,10.0,0.62,25.0,78.80595469107675,5.000000000000001,83.80595469107675,0.0,-1.4210854715202004e-14,1.8416666666666666,0.027755661457152372,59.875,h0.600_o100,0.6,120.0,100.0,0.012750647629614678,54.0610925475568,71.875,53.32221100317374,0.2666110550158687,0.0,,83.72186835342184,83.72186835342184,0.08408633754552472,7.225022595767536,1.0938475125676916e-10,1.305214547820382e-12,True,True,True,0.053263166919350624,True
25mm_uniform,25.0,uniform,15.0,30.0,98.0,10.0,0.62,25.0,78.80595469107675,5.000000000000001,83.80595469107675,0.0,-1.4210854715202004e-14,1.8416666666666666,0.027755661457152372,59.875,h0.750_o40,0.75,150.0,40.0,0.002633029653822311,90.51354024516031,81.625,75.85875589732436,0.3792937794866218,0.0,,83.03715547924655,83.03715547924655,0.7687992134393618,22.044785075343903,-1.60916258096222e-09,1.920105303846095e-11,True,True,True,0.042390791000798345,True
25mm_uniform,25.0,uniform,15.0,30.0,98.0,10.0,0.62,25.0,78.80595469107675,5.000000000000001,83.80595469107675,0.0,-1.4210854715202004e-14,1.8416666666666666,0.027755661457152372,59.875,h0.750_o60,0.75,150.0,60.0,0.005533633073436964,80.06304738231704,77.125,68.7253999915318,0.343626999957659,0.0,,83.55125435614825,83.55125435614825,0.25470033053945285,12.327452076528903,4.3890477918751e-09,5.237155054260631e-11,True,True,True,0.05098545795772225,True
25mm_uniform,25.0,uniform,15.0,30.0,98.0,10.0,0.62,25.0,78.80595469107675,5.000000000000001,83.80595469107675,0.0,-1.4210854715202004e-14,1.8416666666666666,0.027755661457152372,59.875,h0.750_o80,0.75,150.0,80.0,0.009034176430490181,67.45104978154949,74.125,60.95938529486401,0.30479692647432005,0.0,,83.67199851702289,83.67199851702289,0.13395617387030778,8.436208429089673,1.8355639230804854e-10,2.190254773478438e-12,True,True,True,0.0463931659469381,True
25mm_uniform,25.0,uniform,15.0,30.0,98.0,10.0,0.62,25.0,78.80595469107675,5.000000000000001,83.80595469107675,0.0,-1.4210854715202004e-14,1.8416666666666666,0.027755661457152372,59.875,h0.750_o100,0.75,150.0,100.0,0.012750647629614678,54.0610925475568,71.875,53.32221100317374,0.2666110550158687,0.0,,83.72186835342184,83.72186835342184,0.08408633754552472,6.397035512202023,1.0938475125676916e-10,1.305214547820382e-12,True,True,True,0.04653379204683006,True
25mm_uniform,25.0,uniform,15.0,30.0,98.0,10.0,0.62,25.0,78.80595469107675,5.000000000000001,83.80595469107675,0.0,-1.4210854715202004e-14,1.8416666666666666,0.027755661457152372,59.875,h0.900_o40,0.9,180.0,40.0,0.002633029653822311,90.51354024516031,81.625,75.85875589732436,0.3792937794866218,0.0,,83.03715547924655,83.03715547924655,0.7687992134393618,20.51751371679538,-1.60916258096222e-09,1.920105303846095e-11,True,True,True,0.04760312498547137,True
25mm_uniform,25.0,uniform,15.0,30.0,98.0,10.0,0.62,25.0,78.80595469107675,5.000000000000001,83.80595469107675,0.0,-1.4210854715202004e-14,1.8416666666666666,0.027755661457152372,59.875,h0.900_o60,0.9,180.0,60.0,0.005533633073436964,80.06304738231704,77.125,68.7253999915318,0.343626999957659,0.0,,83.55125435614825,83.55125435614825,0.25470033053945285,11.309081161875891,4.3890477918751e-09,5.237155054260631e-11,True,True,True,0.050965834059752524,True
25mm_uniform,25.0,uniform,15.0,30.0,98.0,10.0,0.62,25.0,78.80595469107675,5.000000000000001,83.80595469107675,0.0,-1.4210854715202004e-14,1.8416666666666666,0.027755661457152372,59.875,h0.900_o80,0.9,180.0,80.0,0.009034176430490181,67.45104978154949,74.125,60.95938529486401,0.30479692647432005,0.0,,83.67199851702289,83.67199851702289,0.13395617387030778,7.672288126014617,1.8355639230804854e-10,2.190254773478438e-12,True,True,True,0.04177562508266419,True
25mm_uniform,25.0,uniform,15.0,30.0,98.0,10.0,0.62,25.0,78.80595469107675,5.000000000000001,83.80595469107675,0.0,-1.4210854715202004e-14,1.8416666666666666,0.027755661457152372,59.875,h0.900_o100,0.9,180.0,100.0,0.012750647629614678,54.0610925475568,71.875,53.32221100317374,0.2666110550158687,0.0,,83.72186835342184,83.72186835342184,0.08408633754552472,5.78578554356913,1.0938475125676916e-10,1.305214547820382e-12,True,True,True,0.04992933396715671,True
25mm_front_loaded,25.0,front_loaded,15.0,60.0,98.0,10.0,0.62,25.000000000000004,78.80595469107675,5.0,83.80595469107675,0.0,-1.4210854715202004e-14,1.8416666666666666,0.03261928377675324,28.875,h0.150_o40,0.15,30.0,40.0,0.03216442137382624,1.3944585848054802,30.125,30.0,0.15,47.612968451107605,29.75,36.06745037089678,83.6804188220044,0.12553586891403232,37.60899452082387,1.583330411225603e-10,1.889281515928114e-12,False,False,False,0.135826458921656,False
25mm_front_loaded,25.0,front_loaded,15.0,30.0,98.0,10.0,0.62,25.000000000000004,78.80595469107675,5.0,83.80595469107675,0.0,-1.4210854715202004e-14,1.8416666666666666,0.03261928377675324,28.875,h0.150_o60,0.15,30.0,60.0,0.03211426796723392,1.5482124407624975,30.625,30.0,0.15,41.60177791306738,30.25,41.98854313876985,83.59032105183724,0.21563363881557984,24.30998844138281,4.239476547596155e-10,5.05868176458773e-12,False,False,False,0.04903966700658202,False
25mm_front_loaded,25.0,front_loaded,15.0,30.0,98.0,10.0,0.62,25.000000000000004,78.80595469107675,5.0,83.80595469107675,0.0,-1.4210854715202004e-14,1.8416666666666666,0.03261928377675324,28.875,h0.150_o80,0.15,30.0,80.0,0.03200982179846032,1.8684100560394934,31.375,30.0,0.15,34.567593682499606,31.0,49.1148995407525,83.68249322325211,0.12346146765344387,18.04972234337248,1.711963071304723e-10,2.042770203639246e-12,False,False,True,0.04079320793971419,False
25mm_front_loaded,25.0,front_loaded,15.0,30.0,98.0,10.0,0.62,25.000000000000004,78.80595469107675,5.0,83.80595469107675,0.0,-1.4210854715202004e-14,1.8416666666666666,0.03261928377675324,28.875,h0.150_o100,0.15,30.0,100.0,0.03187497456432358,2.2818073429316077,32.125,30.0,0.15,27.148260042127475,31.75,56.5773202397756,83.72558028190306,0.08037440905161782,14.389564361777913,1.2205396415776448e-10,1.4563877305339045e-12,False,False,True,0.04948170902207494,False
25mm_front_loaded,25.0,front_loaded,15.0,60.0,98.0,10.0,0.62,25.000000000000004,78.80595469107675,5.0,83.80595469107675,0.0,-1.4210854715202004e-14,1.8416666666666666,0.03261928377675324,28.875,h0.300_o40,0.3,60.0,40.0,0.02236362868567312,31.440466814875347,49.125,60.0,0.3,15.862640279291305,48.75,67.79822868984124,83.66086896913254,0.1450857230611235,30.359773201246007,-1.1169107305697423e-09,1.3327343321687206e-11,False,False,False,0.13818562496453524,False
25mm_front_loaded,25.0,front_loaded,15.0,30.0,98.0,10.0,0.62,25.000000000000004,78.80595469107675,5.0,83.80595469107675,0.0,-1.4210854715202004e-14,1.8416666666666666,0.03261928377675324,28.875,h0.300_o60,0.3,60.0,60.0,0.019513569654079296,40.177810807771266,52.625,60.0,0.3,8.188725076111403,52.25,75.37217906331853,83.56090413942992,0.245050549549596,18.566010844386717,2.0972308889533053e-09,2.5024843362074466e-11,False,False,True,0.048489667009562254,False
25mm_front_loaded,25.0,front_loaded,15.0,30.0,98.0,10.0,0.62,25.000000000000004,78.80595469107675,5.0,83.80595469107675,0.0,-1.4210854715202004e-14,1.8416666666666666,0.03261928377675324,28.875,h0.300_o80,0.3,60.0,80.0,0.00891737467015092,72.66226097672303,66.125,59.60410037644702,0.2980205018822351,0.0,,83.67337316822227,83.67337316822227,0.13258152271034024,13.378888184432286,1.4413953364211807e-10,1.7199199528654178e-12,True,True,True,0.04173762502614409,True
25mm_front_loaded,25.0,front_loaded,15.0,30.0,98.0,10.0,0.62,25.000000000000004,78.80595469107675,5.0,83.80595469107675,0.0,-1.4210854715202004e-14,1.8416666666666666,0.03261928377675324,28.875,h0.300_o100,0.3,60.0,100.0,0.012507027961545306,61.657564135547695,61.375,51.69761415737379,0.258488070786869,0.0,,83.72274940378618,83.72274940378618,0.08320528717216959,10.316701937050855,1.1839816627112754e-10,1.4127655571440438e-12,True,True,True,0.05023412499576807,True
25mm_front_loaded,25.0,front_loaded,15.0,30.0,98.0,10.0,0.62,25.000000000000004,78.80595469107675,5.0,83.80595469107675,0.0,-1.4210854715202004e-14,1.8416666666666666,0.03261928377675324,28.875,h0.450_o40,0.45,90.0,40.0,0.0026268461114831647,91.94695343569978,75.375,75.52181325658559,0.37760906628292795,0.0,,83.04593437154765,83.04593437154765,0.7600203211413665,27.004286639127766,-1.6122621016023686e-09,1.923803753021424e-11,True,True,False,0.04646141699049622,False
25mm_front_loaded,25.0,front_loaded,15.0,30.0,98.0,10.0,0.62,25.000000000000004,78.80595469107675,5.0,83.80595469107675,0.0,-1.4210854715202004e-14,1.8416666666666666,0.03261928377675324,28.875,h0.450_o60,0.45,90.0,60.0,0.005497604103182518,83.14615323620167,70.625,67.91251315812937,0.33956256579064686,0.0,,83.55386431618955,83.55386431618955,0.25209037038434623,15.581904813209938,4.502856754129425e-09,5.372955621981438e-11,True,True,True,0.04744724999181926,True
25mm_front_loaded,25.0,front_loaded,15.0,30.0,98.0,10.0,0.62,25.000000000000004,78.80595469107675,5.0,83.80595469107675,0.0,-1.4210854715202004e-14,1.8416666666666666,0.03261928377675324,28.875,h0.450_o80,0.45,90.0,80.0,0.00891737467015092,72.66226097672303,66.125,59.60410037644702,0.2980205018822351,0.0,,83.67337316822227,83.67337316822227,0.13258152271034024,10.83562345274988,1.4413953364211807e-10,1.7199199528654178e-12,True,True,True,0.07189641706645489,True
25mm_front_loaded,25.0,front_loaded,15.0,30.0,98.0,10.0,0.62,25.000000000000004,78.80595469107675,5.0,83.80595469107675,0.0,-1.4210854715202004e-14,1.8416666666666666,0.03261928377675324,28.875,h0.450_o100,0.45,90.0,100.0,0.012507027961545306,61.657564135547695,61.375,51.69761415737379,0.258488070786869,0.0,,83.72274940378618,83.72274940378618,0.08320528717216959,8.28183714303961,1.1839816627112754e-10,1.4127655571440438e-12,True,True,True,0.047366749960929155,True
25mm_front_loaded,25.0,front_loaded,15.0,30.0,98.0,10.0,0.62,25.000000000000004,78.80595469107675,5.0,83.80595469107675,0.0,-1.4210854715202004e-14,1.8416666666666666,0.03261928377675324,28.875,h0.600_o40,0.6,120.0,40.0,0.0026268461114831647,91.94695343569978,75.375,75.52181325658559,0.37760906628292795,0.0,,83.04593437154765,83.04593437154765,0.7600203211413665,23.97272305140175,-1.6122621016023686e-09,1.923803753021424e-11,True,True,True,0.05004533298779279,True
25mm_front_loaded,25.0,front_loaded,15.0,30.0,98.0,10.0,0.62,25.000000000000004,78.80595469107675,5.0,83.80595469107675,0.0,-1.4210854715202004e-14,1.8416666666666666,0.03261928377675324,28.875,h0.600_o60,0.6,120.0,60.0,0.005497604103182518,83.14615323620167,70.625,67.91251315812937,0.33956256579064686,0.0,,83.55386431618955,83.55386431618955,0.25209037038434623,13.560562760255085,4.502856754129425e-09,5.372955621981438e-11,True,True,True,0.04181012499611825,True
25mm_front_loaded,25.0,front_loaded,15.0,30.0,98.0,10.0,0.62,25.000000000000004,78.80595469107675,5.0,83.80595469107675,0.0,-1.4210854715202004e-14,1.8416666666666666,0.03261928377675324,28.875,h0.600_o80,0.6,120.0,80.0,0.00891737467015092,72.66226097672303,66.125,59.60410037644702,0.2980205018822351,0.0,,83.67337316822227,83.67337316822227,0.13258152271034024,9.319392216686978,1.4413953364211807e-10,1.7199199528654178e-12,True,True,True,0.050494000082835555,True
25mm_front_loaded,25.0,front_loaded,15.0,30.0,98.0,10.0,0.62,25.000000000000004,78.80595469107675,5.0,83.80595469107675,0.0,-1.4210854715202004e-14,1.8416666666666666,0.03261928377675324,28.875,h0.600_o100,0.6,120.0,100.0,0.012507027961545306,61.657564135547695,61.375,51.69761415737379,0.258488070786869,0.0,,83.72274940378618,83.72274940378618,0.08320528717216959,7.068672601389106,1.1839816627112754e-10,1.4127655571440438e-12,True,True,True,0.04635358299128711,True
25mm_front_loaded,25.0,front_loaded,15.0,30.0,98.0,10.0,0.62,25.000000000000004,78.80595469107675,5.0,83.80595469107675,0.0,-1.4210854715202004e-14,1.8416666666666666,0.03261928377675324,28.875,h0.750_o40,0.75,150.0,40.0,0.0026268461114831647,91.94695343569978,75.375,75.52181325658559,0.37760906628292795,0.0,,83.04593437154765,83.04593437154765,0.7600203211413665,21.903798710039908,-1.6122621016023686e-09,1.923803753021424e-11,True,True,True,0.052177750039845705,True
25mm_front_loaded,25.0,front_loaded,15.0,30.0,98.0,10.0,0.62,25.000000000000004,78.80595469107675,5.0,83.80595469107675,0.0,-1.4210854715202004e-14,1.8416666666666666,0.03261928377675324,28.875,h0.750_o60,0.75,150.0,60.0,0.005497604103182518,83.14615323620167,70.625,67.91251315812937,0.33956256579064686,0.0,,83.55386431618955,83.55386431618955,0.25209037038434623,12.181047707669986,4.502856754129425e-09,5.372955621981438e-11,True,True,True,0.0421493339817971,True
25mm_front_loaded,25.0,front_loaded,15.0,30.0,98.0,10.0,0.62,25.000000000000004,78.80595469107675,5.0,83.80595469107675,0.0,-1.4210854715202004e-14,1.8416666666666666,0.03261928377675324,28.875,h0.750_o80,0.75,150.0,80.0,0.00891737467015092,72.66226097672303,66.125,59.60410037644702,0.2980205018822351,0.0,,83.67337316822227,83.67337316822227,0.13258152271034024,8.284581667810777,1.4413953364211807e-10,1.7199199528654178e-12,True,True,True,0.049914375063963234,True
25mm_front_loaded,25.0,front_loaded,15.0,30.0,98.0,10.0,0.62,25.000000000000004,78.80595469107675,5.0,83.80595469107675,0.0,-1.4210854715202004e-14,1.8416666666666666,0.03261928377675324,28.875,h0.750_o100,0.75,150.0,100.0,0.012507027961545306,61.657564135547695,61.375,51.69761415737379,0.258488070786869,0.0,,83.72274940378618,83.72274940378618,0.08320528717216959,6.24068461420732,1.1839816627112754e-10,1.4127655571440438e-12,True,True,True,0.04639304196462035,True
25mm_front_loaded,25.0,front_loaded,15.0,30.0,98.0,10.0,0.62,25.000000000000004,78.80595469107675,5.0,83.80595469107675,0.0,-1.4210854715202004e-14,1.8416666666666666,0.03261928377675324,28.875,h0.900_o40,0.9,180.0,40.0,0.0026268461114831647,91.94695343569978,75.375,75.52181325658559,0.37760906628292795,0.0,,83.04593437154765,83.04593437154765,0.7600203211413665,20.376527625934447,-1.6122621016023686e-09,1.923803753021424e-11,True,True,True,0.04438841703813523,True
25mm_front_loaded,25.0,front_loaded,15.0,30.0,98.0,10.0,0.62,25.000000000000004,78.80595469107675,5.0,83.80595469107675,0.0,-1.4210854715202004e-14,1.8416666666666666,0.03261928377675324,28.875,h0.900_o60,0.9,180.0,60.0,0.005497604103182518,83.14615323620167,70.625,67.91251315812937,0.33956256579064686,0.0,,83.55386431618955,83.55386431618955,0.25209037038434623,11.162676520607517,4.502856754129425e-09,5.372955621981438e-11,True,True,True,0.04761991696432233,True
25mm_front_loaded,25.0,front_loaded,15.0,30.0,98.0,10.0,0.62,25.000000000000004,78.80595469107675,5.0,83.80595469107675,0.0,-1.4210854715202004e-14,1.8416666666666666,0.03261928377675324,28.875,h0.900_o80,0.9,180.0,80.0,0.00891737467015092,72.66226097672303,66.125,59.60410037644702,0.2980205018822351,0.0,,83.67337316822227,83.67337316822227,0.13258152271034024,7.520660767287829,1.4413953364211807e-10,1.7199199528654178e-12,True,True,True,0.050540708005428314,True
25mm_front_loaded,25.0,front_loaded,15.0,30.0,98.0,10.0,0.62,25.000000000000004,78.80595469107675,5.0,83.80595469107675,0.0,-1.4210854715202004e-14,1.8416666666666666,0.03261928377675324,28.875,h0.900_o100,0.9,180.0,100.0,0.012507027961545306,61.657564135547695,61.375,51.69761415737379,0.258488070786869,0.0,,83.72274940378618,83.72274940378618,0.08320528717216959,5.629433997701499,1.1839816627112754e-10,1.4127655571440438e-12,True,True,True,0.04164674994535744,True
25mm_back_loaded,25.0,back_loaded,15.0,60.0,98.0,10.0,0.62,25.0,78.80595469107675,5.0,83.80595469107676,1.4210854715202004e-14,-2.842170943040401e-14,1.8416666666666666,0.04076408891913183,59.875,h0.150_o40,0.15,30.0,40.0,0.040764088919131795,8.881784197001252e-14,59.875,30.0,0.15,48.498495612356095,51.0,35.18128777365438,83.67978338601048,0.1261713049010924,37.76172537310598,1.6518675316490317e-10,1.971062244607917e-12,False,False,False,0.14024612493813038,False
25mm_back_loaded,25.0,back_loaded,15.0,30.0,98.0,10.0,0.62,25.0,78.80595469107675,5.0,83.80595469107676,1.4210854715202004e-14,-2.842170943040401e-14,1.8416666666666666,0.04076408891913183,59.875,h0.150_o60,0.15,30.0,60.0,0.040764088919131795,8.881784197001252e-14,59.875,30.0,0.15,43.584966997706545,51.5,40.003166820073325,83.58813381777989,0.21782087288676633,24.465096958167145,4.101206041440264e-10,4.893692884423331e-12,False,False,False,0.04779529105871916,False
25mm_back_loaded,25.0,back_loaded,15.0,30.0,98.0,10.0,0.62,25.0,78.80595469107675,5.0,83.80595469107676,1.4210854715202004e-14,-2.842170943040401e-14,1.8416666666666666,0.04076408891913183,59.875,h0.150_o80,0.15,30.0,80.0,0.040764088919131795,8.881784197001252e-14,59.875,30.0,0.15,38.05098798465869,52.25,45.630231807686904,83.6812197923456,0.12473489858308554,18.20603743979819,1.48091178209242e-10,1.767072265391304e-12,False,False,True,0.0497913749422878,False
25mm_back_loaded,25.0,back_loaded,15.0,30.0,98.0,10.0,0.62,25.0,78.80595469107675,5.0,83.80595469107676,1.4210854715202004e-14,-2.842170943040401e-14,1.8416666666666666,0.04076408891913183,59.875,h0.150_o100,0.15,30.0,100.0,0.040764088919131795,8.881784197001252e-14,59.875,30.0,0.15,32.360597965676426,53.25,51.36412609714634,83.72472406282279,0.08123062812334608,14.549597907795214,1.3065887261021203e-10,1.5590643062517839e-12,False,False,True,0.041200125007890165,False
25mm_back_loaded,25.0,back_loaded,15.0,60.0,98.0,10.0,0.62,25.0,78.80595469107675,5.0,83.80595469107676,1.4210854715202004e-14,-2.842170943040401e-14,1.8416666666666666,0.04076408891913183,59.875,h0.300_o40,0.3,60.0,40.0,0.03883090995166801,4.742357841724065,65.375,60.0,0.3,17.2050221658082,65.0,66.45504847786007,83.66007064366828,0.14588404849608652,30.514160014407818,-1.0875999267856429e-09,1.2977597245860682e-11,False,False,False,0.1423700419254601,False
25mm_back_loaded,25.0,back_loaded,15.0,30.0,98.0,10.0,0.62,25.0,78.80595469107675,5.0,83.80595469107676,1.4210854715202004e-14,-2.842170943040401e-14,1.8416666666666666,0.04076408891913183,59.875,h0.300_o60,0.3,60.0,60.0,0.036080058751419605,11.490579801757494,66.875,60.0,0.3,11.181051079565844,66.5,72.37718691816767,83.55823799773351,0.24771669137483274,18.721996025931478,1.968417234765596e-09,2.3487796804195146e-11,False,False,True,0.046315208077430725,False
25mm_back_loaded,25.0,back_loaded,15.0,30.0,98.0,10.0,0.62,25.0,78.80595469107675,5.0,83.80595469107676,1.4210854715202004e-14,-2.842170943040401e-14,1.8416666666666666,0.04076408891913183,59.875,h0.300_o80,0.3,60.0,80.0,0.02910700977013647,28.59644225612592,69.375,60.0,0.3,4.5201760553774415,69.0,79.15162544959891,83.67180150497634,0.13415318594916134,13.552054971853805,1.5124437813263114e-10,1.8046972758695258e-12,False,False,True,0.04853624990209937,False
25mm_back_loaded,25.0,back_loaded,15.0,30.0,98.0,10.0,0.62,25.0,78.80595469107675,5.0,83.80595469107676,1.4210854715202004e-14,-2.842170943040401e-14,1.8416666666666666,0.04076408891913183,59.875,h0.300_o100,0.3,60.0,100.0,0.013427961222981512,67.0593368353699,74.625,58.00659496451205,0.29003297482256024,0.0,,83.72104287585213,83.72104287585213,0.08491181509408818,10.617328481609258,1.305409114138456e-10,1.5576567547621404e-12,True,True,True,0.04156979196704924,True
25mm_back_loaded,25.0,back_loaded,15.0,30.0,98.0,10.0,0.62,25.0,78.80595469107675,5.0,83.80595469107676,1.4210854715202004e-14,-2.842170943040401e-14,1.8416666666666666,0.04076408891913183,59.875,h0.450_o40,0.45,90.0,40.0,0.0026521258645307083,93.49396506863671,84.625,76.90431903116333,0.38452159515581663,0.0,,83.0271116949286,83.0271116949286,0.7788429977370624,27.30364038866771,-1.588905562677212e-09,1.8959339685756133e-11,True,True,False,0.04963637492619455,False
25mm_back_loaded,25.0,back_loaded,15.0,30.0,98.0,10.0,0.62,25.0,78.80595469107675,5.0,83.80595469107676,1.4210854715202004e-14,-2.842170943040401e-14,1.8416666666666666,0.04076408891913183,59.875,h0.450_o60,0.45,90.0,60.0,0.005627915005604699,86.1939389427557,80.125,70.87779703896815,0.35438898519484074,0.0,,83.54843539553899,83.54843539553899,0.2575192907690666,15.883930416505473,4.768709260805082e-09,5.6901795085842866e-11,True,True,True,0.04926491703372449,True
25mm_back_loaded,25.0,back_loaded,15.0,30.0,98.0,10.0,0.62,25.0,78.80595469107675,5.0,83.80595469107676,1.4210854715202004e-14,-2.842170943040401e-14,1.8416666666666666,0.04076408891913183,59.875,h0.450_o80,0.45,90.0,80.0,0.009323398668334983,77.12840169976367,76.875,64.39179949223877,0.3219589974611939,0.0,,83.67060871940343,83.67060871940343,0.1353459715061203,11.138193173151778,1.6721088402782414e-10,1.9952148346044425e-12,True,True,True,0.04547129198908806,True
25mm_back_loaded,25.0,back_loaded,15.0,30.0,98.0,10.0,0.62,25.0,78.80595469107675,5.0,83.80595469107676,1.4210854715202004e-14,-2.842170943040401e-14,1.8416666666666666,0.04076408891913183,59.875,h0.450_o100,0.45,90.0,100.0,0.013427961222981512,67.0593368353699,74.625,58.00659496451205,0.29003297482256024,0.0,,83.72104287585213,83.72104287585213,0.08491181509408818,8.582463207056154,1.305409114138456e-10,1.5576567547621404e-12,True,True,True,0.05314883298706263,True
25mm_back_loaded,25.0,back_loaded,15.0,30.0,98.0,10.0,0.62,25.0,78.80595469107675,5.0,83.80595469107676,1.4210854715202004e-14,-2.842170943040401e-14,1.8416666666666666,0.04076408891913183,59.875,h0.600_o40,0.6,120.0,40.0,0.0026521258645307083,93.49396506863671,84.625,76.90431903116333,0.38452159515581663,0.0,,83.0271116949286,83.0271116949286,0.7788429977370624,24.272076654940488,-1.588905562677212e-09,1.8959339685756133e-11,True,True,False,0.04210200009401888,False
25mm_back_loaded,25.0,back_loaded,15.0,30.0,98.0,10.0,0.62,25.0,78.80595469107675,5.0,83.80595469107676,1.4210854715202004e-14,-2.842170943040401e-14,1.8416666666666666,0.04076408891913183,59.875,h0.600_o60,0.6,120.0,60.0,0.005627915005604699,86.1939389427557,80.125,70.87779703896815,0.35438898519484074,0.0,,83.54843539553899,83.54843539553899,0.2575192907690666,13.862588086100528,4.768709260805082e-09,5.6901795085842866e-11,True,True,True,0.050534334033727646,True
25mm_back_loaded,25.0,back_loaded,15.0,30.0,98.0,10.0,0.62,25.0,78.80595469107675,5.0,83.80595469107676,1.4210854715202004e-14,-2.842170943040401e-14,1.8416666666666666,0.04076408891913183,59.875,h0.600_o80,0.6,120.0,80.0,0.009323398668334983,77.12840169976367,76.875,64.39179949223877,0.3219589974611939,0.0,,83.67060871940343,83.67060871940343,0.1353459715061203,9.621962111107967,1.6721088402782414e-10,1.9952148346044425e-12,True,True,True,0.041996999992989004,True
25mm_back_loaded,25.0,back_loaded,15.0,30.0,98.0,10.0,0.62,25.0,78.80595469107675,5.0,83.80595469107676,1.4210854715202004e-14,-2.842170943040401e-14,1.8416666666666666,0.04076408891913183,59.875,h0.600_o100,0.6,120.0,100.0,0.013427961222981512,67.0593368353699,74.625,58.00659496451205,0.29003297482256024,0.0,,83.72104287585213,83.72104287585213,0.08491181509408818,7.369298795749368,1.305409114138456e-10,1.5576567547621404e-12,True,True,True,0.04933766694739461,True
25mm_back_loaded,25.0,back_loaded,15.0,30.0,98.0,10.0,0.62,25.0,78.80595469107675,5.0,83.80595469107676,1.4210854715202004e-14,-2.842170943040401e-14,1.8416666666666666,0.04076408891913183,59.875,h0.750_o40,0.75,150.0,40.0,0.0026521258645307083,93.49396506863671,84.625,76.90431903116333,0.38452159515581663,0.0,,83.0271116949286,83.0271116949286,0.7788429977370624,22.20315251871197,-1.588905562677212e-09,1.8959339685756133e-11,True,True,True,0.046758417040109634,True
25mm_back_loaded,25.0,back_loaded,15.0,30.0,98.0,10.0,0.62,25.0,78.80595469107675,5.0,83.80595469107676,1.4210854715202004e-14,-2.842170943040401e-14,1.8416666666666666,0.04076408891913183,59.875,h0.750_o60,0.75,150.0,60.0,0.005627915005604699,86.1939389427557,80.125,70.87779703896815,0.35438898519484074,0.0,,83.54843539553899,83.54843539553899,0.2575192907690666,12.483073066892796,4.768709260805082e-09,5.6901795085842866e-11,True,True,True,0.05193895800039172,True
25mm_back_loaded,25.0,back_loaded,15.0,30.0,98.0,10.0,0.62,25.0,78.80595469107675,5.0,83.80595469107676,1.4210854715202004e-14,-2.842170943040401e-14,1.8416666666666666,0.04076408891913183,59.875,h0.750_o80,0.75,150.0,80.0,0.009323398668334983,77.12840169976367,76.875,64.39179949223877,0.3219589974611939,0.0,,83.67060871940343,83.67060871940343,0.1353459715061203,8.587151243677372,1.6721088402782414e-10,1.9952148346044425e-12,True,True,True,0.04204316600225866,True
25mm_back_loaded,25.0,back_loaded,15.0,30.0,98.0,10.0,0.62,25.0,78.80595469107675,5.0,83.80595469107676,1.4210854715202004e-14,-2.842170943040401e-14,1.8416666666666666,0.04076408891913183,59.875,h0.750_o100,0.75,150.0,100.0,0.013427961222981512,67.0593368353699,74.625,58.00659496451205,0.29003297482256024,0.0,,83.72104287585213,83.72104287585213,0.08491181509408818,6.541310486352452,1.305409114138456e-10,1.5576567547621404e-12,True,True,True,0.05053158290684223,True
25mm_back_loaded,25.0,back_loaded,15.0,30.0,98.0,10.0,0.62,25.0,78.80595469107675,5.0,83.80595469107676,1.4210854715202004e-14,-2.842170943040401e-14,1.8416666666666666,0.04076408891913183,59.875,h0.900_o40,0.9,180.0,40.0,0.0026521258645307083,93.49396506863671,84.625,76.90431903116333,0.38452159515581663,0.0,,83.0271116949286,83.0271116949286,0.7788429977370624,20.675881174103424,-1.588905562677212e-09,1.8959339685756133e-11,True,True,True,0.04621820792090148,True
25mm_back_loaded,25.0,back_loaded,15.0,30.0,98.0,10.0,0.62,25.0,78.80595469107675,5.0,83.80595469107676,1.4210854715202004e-14,-2.842170943040401e-14,1.8416666666666666,0.04076408891913183,59.875,h0.900_o60,0.9,180.0,60.0,0.005627915005604699,86.1939389427557,80.125,70.87779703896815,0.35438898519484074,0.0,,83.54843539553899,83.54843539553899,0.2575192907690666,11.46470281007179,4.768709260805082e-09,5.6901795085842866e-11,True,True,True,0.04649154201615602,True
25mm_back_loaded,25.0,back_loaded,15.0,30.0,98.0,10.0,0.62,25.0,78.80595469107675,5.0,83.80595469107676,1.4210854715202004e-14,-2.842170943040401e-14,1.8416666666666666,0.04076408891913183,59.875,h0.900_o80,0.9,180.0,80.0,0.009323398668334983,77.12840169976367,76.875,64.39179949223877,0.3219589974611939,0.0,,83.67060871940343,83.67060871940343,0.1353459715061203,7.8232314037447175,1.6721088402782414e-10,1.9952148346044425e-12,True,True,True,0.04633954097516835,True
25mm_back_loaded,25.0,back_loaded,15.0,30.0,98.0,10.0,0.62,25.0,78.80595469107675,5.0,83.80595469107676,1.4210854715202004e-14,-2.842170943040401e-14,1.8416666666666666,0.04076408891913183,59.875,h0.900_o100,0.9,180.0,100.0,0.013427961222981512,67.0593368353699,74.625,58.00659496451205,0.29003297482256024,0.0,,83.72104287585213,83.72104287585213,0.08491181509408818,5.93006068915613,1.305409114138456e-10,1.5576567547621404e-12,True,True,True,0.05036395799834281,True
50mm_uniform,50.0,uniform,15.0,60.0,98.0,10.0,0.62,50.0,177.10337120827512,10.000000000000002,187.10337120827515,0.0,-2.842170943040401e-14,1.8416666666666666,0.05747165870504172,59.875,h0.150_o40,0.15,30.0,40.0,0.05747165870504176,-6.661338147750939e-14,59.875,30.0,0.15,149.73367092816596,25.25,37.24345030700355,186.97712123516956,0.12624997293478826,37.78055350023478,1.7085541315076114e-10,9.131605275063296e-13,False,False,False,0.13503083400428295,False
50mm_uniform,50.0,uniform,15.0,30.0,98.0,10.0,0.62,50.0,177.10337120827512,10.000000000000002,187.10337120827515,0.0,-2.842170943040401e-14,1.8416666666666666,0.05747165870504172,59.875,h0.150_o60,0.15,30.0,60.0,0.05747165870504176,-6.661338147750939e-14,59.875,30.0,0.15,142.2666651040406,25.5,44.61859023835699,186.88525534239758,0.2181158654704678,24.48583774121631,4.070965786695524e-10,2.175784305972716e-12,False,False,False,0.045222457963973284,False
50mm_uniform,50.0,uniform,15.0,30.0,98.0,10.0,0.62,50.0,177.10337120827512,10.000000000000002,187.10337120827515,0.0,-2.842170943040401e-14,1.8416666666666666,0.05747165870504172,59.875,h0.150_o80,0.15,30.0,80.0,0.05747165870504176,-6.661338147750939e-14,59.875,30.0,0.15,133.27591661968802,26.0,53.702542027817074,186.97845864750505,0.12491256059793261,18.227655396904296,1.721379011554447e-10,9.200149630859854e-13,False,False,True,0.045439791050739586,False
50mm_uniform,50.0,uniform,15.0,30.0,98.0,10.0,0.62,50.0,177.10337120827512,10.000000000000002,187.10337120827515,0.0,-2.842170943040401e-14,1.8416666666666666,0.05747165870504172,59.875,h0.150_o100,0.15,30.0,100.0,0.05747165870504176,-6.661338147750939e-14,59.875,30.0,0.15,123.36979376047543,26.25,63.65222708658856,187.02202084706397,0.08135036108858719,14.571775477517512,1.2259158965743921e-10,6.552078076721328e-13,False,False,True,0.04839175008237362,False
50mm_uniform,50.0,uniform,15.0,60.0,98.0,10.0,0.62,50.0,177.10337120827512,10.000000000000002,187.10337120827515,0.0,-2.842170943040401e-14,1.8416666666666666,0.05747165870504172,59.875,h0.300_o40,0.3,60.0,40.0,0.05747165870504176,-6.661338147750939e-14,59.875,60.0,0.3,117.1587129830305,35.5,69.79867098159463,186.95738396462508,0.14598724471621352,30.534024380491637,-1.0661730664995872e-09,5.698310295610712e-12,False,False,False,0.13644887506961823,False
50mm_uniform,50.0,uniform,15.0,30.0,98.0,10.0,0.62,50.0,177.10337120827512,10.000000000000002,187.10337120827515,0.0,-2.842170943040401e-14,1.8416666666666666,0.05747165870504172,59.875,h0.300_o60,0.3,60.0,60.0,0.05747165870504176,-6.661338147750939e-14,59.875,60.0,0.3,106.83759645723593,36.25,80.01768721277797,186.85528367001388,0.2480875363446538,18.74349330038525,1.9166199183295873e-09,1.0243641821910795e-11,False,False,True,0.04544712498318404,False
50mm_uniform,50.0,uniform,15.0,30.0,98.0,10.0,0.62,50.0,177.10337120827512,10.000000000000002,187.10337120827515,0.0,-2.842170943040401e-14,1.8416666666666666,0.05747165870504172,59.875,h0.300_o80,0.3,60.0,80.0,0.05747165870504176,-6.661338147750939e-14,59.875,60.0,0.3,94.0509224182307,37.25,92.91809045538793,186.9690128736186,0.1343583344873784,13.574433616104885,1.6914694644931672e-10,9.040293895134035e-13,False,False,True,0.047130165970884264,False
50mm_uniform,50.0,uniform,15.0,30.0,98.0,10.0,0.62,50.0,177.10337120827512,10.000000000000002,187.10337120827515,0.0,-2.842170943040401e-14,1.8416666666666666,0.05747165870504172,59.875,h0.300_o100,0.3,60.0,100.0,0.05747165870504177,-8.881784197001252e-14,59.875,60.0,0.3,79.4223073808051,38.5,107.59579709554637,187.01810447635145,0.08526673180447684,10.678715103844137,1.1921887088650607e-10,6.371818429385589e-13,False,False,True,0.04824949998874217,False
50mm_uniform,50.0,uniform,15.0,30.0,98.0,10.0,0.62,50.0,177.10337120827512,10.000000000000002,187.10337120827515,0.0,-2.842170943040401e-14,1.8416666666666666,0.05747165870504172,59.875,h0.450_o40,0.45,90.0,40.0,0.05747165870504129,7.438494264988549e-13,59.875,90.0,0.45,85.61581614556273,45.0,100.6161937899159,186.23200993547857,0.8713612745793082,28.631163145348008,-1.782788361381904e-09,9.528360445186118e-12,False,False,False,0.04069720895495266,False
50mm_uniform,50.0,uniform,15.0,30.0,98.0,10.0,0.62,50.0,177.10337120827512,10.000000000000002,187.10337120827515,0.0,-2.842170943040401e-14,1.8416666666666666,0.05747165870504172,59.875,h0.450_o60,0.45,90.0,60.0,0.05747165870504129,7.438494264988549e-13,59.875,90.0,0.45,73.75778574096276,46.25,113.07096735052914,186.82875309149196,0.27461811578274936,16.77593954777558,1.000495297720505e-09,5.347286322312163e-12,False,False,True,0.04910816694609821,False
50mm_uniform,50.0,uniform,15.0,30.0,98.0,10.0,0.62,50.0,177.10337120827512,10.000000000000002,187.10337120827515,0.0,-2.842170943040401e-14,1.8416666666666666,0.05747165870504172,59.875,h0.450_o80,0.45,90.0,80.0,0.05747165870504129,7.438494264988549e-13,59.875,90.0,0.45,59.16063451697298,48.25,127.80070091866403,186.961335435637,0.1420357724590077,11.833489713144708,1.791305714871072e-10,9.57388262596867e-13,False,False,True,0.045540207996964455,False
50mm_uniform,50.0,uniform,15.0,30.0,98.0,10.0,0.62,50.0,177.10337120827512,10.000000000000002,187.10337120827515,0.0,-2.842170943040401e-14,1.8416666666666666,0.05747165870504172,59.875,h0.450_o100,0.45,90.0,100.0,0.0574716587050413,7.327471962526033e-13,59.875,90.0,0.45,42.64877423708322,50.75,144.36627696996365,187.0150512070469,0.08832000109175209,9.156568838342285,1.365306756540008e-10,7.29707192191748e-13,False,False,True,0.04719449998810887,False
50mm_uniform,50.0,uniform,15.0,30.0,98.0,10.0,0.62,50.0,177.10337120827512,10.000000000000002,187.10337120827515,0.0,-2.842170943040401e-14,1.8416666666666666,0.05747165870504172,59.875,h0.600_o40,0.6,120.0,40.0,0.05747165870504129,7.438494264988549e-13,59.875,120.0,0.6,54.61968959097707,54.25,131.3691510787117,185.98884066968878,1.1145305408385886,28.262478556419808,-2.252223518794949e-09,1.2037321958714865e-11,False,False,False,0.04649620898999274,False
50mm_uniform,50.0,uniform,15.0,30.0,98.0,10.0,0.62,50.0,177.10337120827512,10.000000000000002,187.10337120827515,0.0,-2.842170943040401e-14,1.8416666666666666,0.05747165870504172,59.875,h0.600_o60,0.6,120.0,60.0,0.05747165870504129,7.438494264988549e-13,59.875,120.0,0.6,41.9058391023536,56.25,144.8973870104697,186.80322611282332,0.30014509957737195,15.941633567079736,-4.125518759945379e-09,2.2049409015474312e-11,False,False,True,0.04780366597697139,False
50mm_uniform,50.0,uniform,15.0,30.0,98.0,10.0,0.62,50.0,177.10337120827512,10.000000000000002,187.10337120827515,0.0,-2.842170943040401e-14,1.8416666666666666,0.05747165870504172,59.875,h0.600_o80,0.6,120.0,80.0,0.0574716587050413,7.327471962526033e-13,59.875,120.0,0.6,26.510932610832437,59.25,160.44350185242374,186.95443446325615,0.14893674487502506,10.984838855045533,1.439467434138919e-10,7.693433981670849e-13,False,False,True,0.04150900000240654,False
50mm_uniform,50.0,uniform,15.0,30.0,98.0,10.0,0.62,50.0,177.10337120827512,10.000000000000002,187.10337120827515,0.0,-2.842170943040401e-14,1.8416666666666666,0.05747165870504172,59.875,h0.600_o100,0.6,120.0,100.0,0.05184505673406079,9.790220254226512,64.625,120.0,0.6,9.58579507226182,64.25,177.42659320288539,187.01238827514717,0.0909829330198899,8.369341044682294,1.0805691064152967e-10,5.775251933929375e-13,False,False,True,0.050387540948577225,False
50mm_uniform,50.0,uniform,15.0,30.0,98.0,10.0,0.62,50.0,177.10337120827512,10.000000000000002,187.10337120827515,0.0,-2.842170943040401e-14,1.8416666666666666,0.05747165870504172,59.875,h0.750_o40,0.75,150.0,40.0,0.052607113122074146,8.464251237176889,64.125,150.0,0.75,23.994587560570498,63.75,161.68603050817637,185.68061806874687,1.4227531421228834,28.5304449254934,-2.5946009785116075e-09,1.3867205928766581e-11,False,False,False,0.04877512494567782,False
50mm_uniform,50.0,uniform,15.0,30.0,98.0,10.0,0.62,50.0,177.10337120827512,10.000000000000002,187.10337120827515,0.0,-2.842170943040401e-14,1.8416666666666666,0.05747165870504172,59.875,h0.750_o60,0.75,150.0,60.0,0.04366320341219042,24.02654735218205,67.625,150.0,0.75,10.900358940401333,67.25,175.877455825245,186.77781476564633,0.3255564505934533,15.602258210360159,-7.964658599313168e-09,4.256822604466738e-11,False,False,True,0.0451769590144977,False
50mm_uniform,50.0,uniform,15.0,30.0,98.0,10.0,0.62,50.0,177.10337120827512,10.000000000000002,187.10337120827515,0.0,-2.842170943040401e-14,1.8416666666666666,0.05747165870504172,59.875,h0.750_o80,0.75,150.0,80.0,0.014571819383724318,74.64520824340502,75.625,145.55806284888646,0.7277903142444323,0.0,,186.94890900525857,186.94890900525857,0.1544622028414866,10.45197492713741,1.7509171890139896e-10,9.35802053007878e-13,True,True,True,0.053769208025187254,True
50mm_uniform,50.0,uniform,15.0,30.0,98.0,10.0,0.62,50.0,177.10337120827512,10.000000000000002,187.10337120827515,0.0,-2.842170943040401e-14,1.8416666666666666,0.05747165870504172,59.875,h0.750_o100,0.75,150.0,100.0,0.02119763861316906,63.11636188897835,73.375,129.26848616632097,0.6463424308316048,0.0,,187.01161725223872,187.01161725223872,0.09175395590186192,7.66120380172182,1.345656364115655e-10,7.192047665553445e-13,True,True,True,0.04290395800489932,True
50mm_uniform,50.0,uniform,15.0,30.0,98.0,10.0,0.62,50.0,177.10337120827512,10.000000000000002,187.10337120827515,0.0,-2.842170943040401e-14,1.8416666666666666,0.05747165870504172,59.875,h0.900_o40,0.9,180.0,40.0,0.004047125656984309,92.95804967496218,83.375,173.73423972656406,0.8686711986328203,0.0,,185.37190367624692,185.37190367624692,1.7314675348631052,28.68639350624703,-2.834871892787305e-09,1.5151367260142265e-11,True,True,False,0.05106629093643278,False
50mm_uniform,50.0,uniform,15.0,30.0,98.0,10.0,0.62,50.0,177.10337120827512,10.000000000000002,187.10337120827515,0.0,-2.842170943040401e-14,1.8416666666666666,0.05747165870504172,59.875,h0.900_o60,0.9,180.0,60.0,0.008694311699173198,84.87200144371249,78.875,160.74469963100725,0.8037234981550363,0.0,,186.76864532907112,186.76864532907112,0.33472588876234904,14.929802724012566,-9.55831974680521e-09,5.1085769781054955e-11,True,True,True,0.04177858307957649,True
50mm_uniform,50.0,uniform,15.0,30.0,98.0,10.0,0.62,50.0,177.10337120827512,10.000000000000002,187.10337120827515,0.0,-2.842170943040401e-14,1.8416666666666666,0.05747165870504172,59.875,h0.900_o80,0.9,180.0,80.0,0.014571819383724318,74.64520824340502,75.625,145.55806284888646,0.7277903142444323,0.0,,186.94890900525857,186.94890900525857,0.1544622028414866,9.688054154891777,1.7509171890139896e-10,9.35802053007878e-13,True,True,True,0.049481958034448326,True
50mm_uniform,50.0,uniform,15.0,30.0,98.0,10.0,0.62,50.0,177.10337120827512,10.000000000000002,187.10337120827515,0.0,-2.842170943040401e-14,1.8416666666666666,0.05747165870504172,59.875,h0.900_o100,0.9,180.0,100.0,0.02119763861316906,63.11636188897835,73.375,129.26848616632097,0.6463424308316048,0.0,,187.01161725223872,187.01161725223872,0.09175395590186192,7.049952860073129,1.345656364115655e-10,7.192047665553445e-13,True,True,True,0.04715362505521625,True
50mm_front_loaded,50.0,front_loaded,15.0,60.0,98.0,10.0,0.62,50.00000000000001,177.10337120827515,10.0,187.10337120827515,0.0,0.0,1.8416666666666666,0.07303450409135667,26.375,h0.150_o40,0.15,30.0,40.0,0.07303450409135669,-2.220446049250313e-14,26.375,30.0,0.15,149.91885810949816,19.0,37.05869178265855,186.97754989215676,0.12582131594593804,37.67774660569002,1.7248069639208552e-10,9.218470799229356e-13,False,False,False,0.13969037495553493,False
50mm_front_loaded,50.0,front_loaded,15.0,30.0,98.0,10.0,0.62,50.00000000000001,177.10337120827515,10.0,187.10337120827515,0.0,0.0,1.8416666666666666,0.07303450409135667,26.375,h0.150_o60,0.15,30.0,60.0,0.07303450409135669,-2.220446049250313e-14,26.375,30.0,0.15,142.6510283499046,19.25,44.235713383254485,186.8867417331591,0.2166294747193266,24.38089977135907,3.9670988716267175e-10,2.120271188064655e-12,False,False,False,0.04502887499984354,False
50mm_front_loaded,50.0,front_loaded,15.0,30.0,98.0,10.0,0.62,50.00000000000001,177.10337120827515,10.0,187.10337120827515,0.0,0.0,1.8416666666666666,0.07303450409135667,26.375,h0.150_o80,0.15,30.0,80.0,0.07303450409135669,-2.220446049250313e-14,26.375,30.0,0.15,133.8750500907223,19.25,53.10427407187621,186.97932416259852,0.12404704552757063,18.121901648674683,1.4906252621127436e-10,7.966854111107629e-13,False,False,True,0.043674000073224306,False
50mm_front_loaded,50.0,front_loaded,15.0,30.0,98.0,10.0,0.62,50.00000000000001,177.10337120827515,10.0,187.10337120827515,0.0,0.0,1.8416666666666666,0.07303450409135667,26.375,h0.150_o100,0.15,30.0,100.0,0.07303450409135669,-2.220446049250313e-14,26.375,30.0,0.15,124.15534163593796,19.5,62.867247682455115,187.02258931839305,0.08078188974917827,14.466042649193012,1.3289730427246127e-10,7.102881333149573e-13,False,False,True,0.04613774991594255,False
50mm_front_loaded,50.0,front_loaded,15.0,60.0,98.0,10.0,0.62,50.00000000000001,177.10337120827515,10.0,187.10337120827515,0.0,0.0,1.8416666666666666,0.07303450409135667,26.375,h0.300_o40,0.3,60.0,40.0,0.0730197465340306,0.020206281277157512,26.625,60.0,0.3,117.28613503230373,26.25,69.67178819646949,186.9579232287732,0.14544798054949412,30.429987012679298,-1.0475844358648345e-09,5.5989607728591385e-12,False,False,False,0.14121025009080768,False
50mm_front_loaded,50.0,front_loaded,15.0,30.0,98.0,10.0,0.62,50.00000000000001,177.10337120827515,10.0,187.10337120827515,0.0,0.0,1.8416666666666666,0.07303450409135667,26.375,h0.300_o60,0.3,60.0,60.0,0.07294283322895533,0.12551719703152164,27.125,60.0,0.3,107.06957268374401,26.75,79.78752737683502,186.85710006057903,0.2462711458324084,18.637737175450752,1.863683540825889e-09,9.960715987053591e-12,False,False,True,0.046571957995183766,False
50mm_front_loaded,50.0,front_loaded,15.0,30.0,98.0,10.0,0.62,50.00000000000001,177.10337120827515,10.0,187.10337120827515,0.0,0.0,1.8416666666666666,0.07303450409135667,26.375,h0.300_o80,0.3,60.0,80.0,0.07281064568655465,0.3065104741753255,27.625,60.0,0.3,94.30166872213931,27.25,92.66831138017217,186.96998010231147,0.13339110580318744,13.468470886513286,1.6049442330690056e-10,8.577847757122735e-13,False,False,True,0.04595304105896503,False
50mm_front_loaded,50.0,front_loaded,15.0,30.0,98.0,10.0,0.62,50.00000000000001,177.10337120827515,10.0,187.10337120827515,0.0,0.0,1.8416666666666666,0.07303450409135667,26.375,h0.300_o100,0.3,60.0,100.0,0.07251936876182773,0.7053314538626565,28.375,60.0,0.3,79.59240519120215,28.0,107.42631791262862,187.01872310383078,0.08464810430135684,10.571467047330394,1.4301236583857957e-10,7.643494872114547e-13,False,False,True,0.045169707969762385,False
50mm_front_loaded,50.0,front_loaded,15.0,30.0,98.0,10.0,0.62,50.00000000000001,177.10337120827515,10.0,187.10337120827515,0.0,0.0,1.8416666666666666,0.07303450409135667,26.375,h0.450_o40,0.45,90.0,40.0,0.06754495450994114,7.516378251228795,34.125,90.0,0.45,85.61404555702424,33.75,100.62583920455884,186.23988476158306,0.8634864484498488,28.526540884156635,-1.7577557187564707e-09,9.39457000376447e-12,False,False,False,0.049341208999976516,False
50mm_front_loaded,50.0,front_loaded,15.0,30.0,98.0,10.0,0.62,50.00000000000001,177.10337120827515,10.0,187.10337120827515,0.0,0.0,1.8416666666666666,0.07303450409135667,26.375,h0.450_o60,0.45,90.0,60.0,0.0667857230790825,8.555929953954045,34.875,90.0,0.45,73.66107795015768,34.5,113.1697938616844,186.8308718118421,0.27249939543847396,16.66998574429375,9.945882450956844e-10,5.3157152576826265e-12,False,False,True,0.04127216699998826,False
50mm_front_loaded,50.0,front_loaded,15.0,30.0,98.0,10.0,0.62,50.00000000000001,177.10337120827515,10.0,187.10337120827515,0.0,0.0,1.8416666666666666,0.07303450409135667,26.375,h0.450_o80,0.45,90.0,80.0,0.0653776781857914,10.483847327815866,36.125,90.0,0.45,58.7429608475409,35.75,128.21942946836123,186.96239031590207,0.1409808922231576,11.727147969276455,1.4989329222281356e-10,8.011255556478403e-13,False,False,True,0.04961750004440546,False
50mm_front_loaded,50.0,front_loaded,15.0,30.0,98.0,10.0,0.62,50.00000000000001,177.10337120827515,10.0,187.10337120827515,0.0,0.0,1.8416666666666666,0.07303450409135667,26.375,h0.450_o100,0.45,90.0,100.0,0.06348643454834928,13.073368076907865,37.625,90.0,0.45,41.75264438804844,37.25,145.26307648869002,187.01572087673847,0.08765033141271036,9.0464117896254,1.2399706261767562e-10,6.627195534582197e-13,False,False,True,0.04572191706392914,False
50mm_front_loaded,50.0,front_loaded,15.0,30.0,98.0,10.0,0.62,50.00000000000001,177.10337120827515,10.0,187.10337120827515,0.0,0.0,1.8416666666666666,0.07303450409135667,26.375,h0.600_o40,0.6,120.0,40.0,0.056313113937360035,22.895192295795354,42.375,120.0,0.6,54.46485061792035,42.0,131.53540925185095,186.0002598697713,1.1031113407281277,28.15750261355882,-2.2242483410650493e-09,1.1887804729018565e-11,False,False,False,0.045632207999005914,False
50mm_front_loaded,50.0,front_loaded,15.0,30.0,98.0,10.0,0.62,50.00000000000001,177.10337120827515,10.0,187.10337120827515,0.0,0.0,1.8416666666666666,0.07303450409135667,26.375,h0.600_o60,0.6,120.0,60.0,0.05396168450353116,26.11480672747213,44.125,120.0,0.6,41.42894525570992,43.75,145.37670231487476,186.80564757058468,0.29772364177649574,15.835626503010735,-4.0860286820709746e-09,2.1838348799833164e-11,False,False,True,0.046575042069889605,False
50mm_front_loaded,50.0,front_loaded,15.0,30.0,98.0,10.0,0.62,50.00000000000001,177.10337120827515,10.0,187.10337120827515,0.0,0.0,1.8416666666666666,0.07303450409135667,26.375,h0.600_o80,0.6,120.0,80.0,0.04996354695172443,31.58912000110724,46.875,120.0,0.6,25.37736731081015,46.5,161.57820728011748,186.95557459092763,0.14779661719699108,10.877778871611065,1.5053272517384642e-10,8.045430940219676e-13,False,False,True,0.050704291090369225,False
50mm_front_loaded,50.0,front_loaded,15.0,30.0,98.0,10.0,0.62,50.00000000000001,177.10337120827515,10.0,187.10337120827515,0.0,0.0,1.8416666666666666,0.07303450409135667,26.375,h0.600_o100,0.6,120.0,100.0,0.04037742287628134,44.71459294667841,52.625,120.0,0.6,7.729367746678577,52.25,179.2837441339552,187.01311188063377,0.0902593274996365,8.255467176308581,1.4174028617475187e-10,7.575506804576647e-13,False,False,True,0.041378958034329116,False
50mm_front_loaded,50.0,front_loaded,15.0,30.0,98.0,10.0,0.62,50.00000000000001,177.10337120827515,10.0,187.10337120827515,0.0,0.0,1.8416666666666666,0.07303450409135667,26.375,h0.750_o40,0.75,150.0,40.0,0.03890921705430325,46.72488361715597,53.625,150.0,0.75,23.710692922220268,53.25,161.98641816899342,185.69711109121369,1.406260119632351,28.425209946444237,-2.5709152584596495e-09,1.3740614302442584e-11,False,False,False,0.04961824999190867,False
50mm_front_loaded,50.0,front_loaded,15.0,30.0,98.0,10.0,0.62,50.00000000000001,177.10337120827515,10.0,187.10337120827515,0.0,0.0,1.8416666666666666,0.07303450409135667,26.375,h0.750_o60,0.75,150.0,60.0,0.03186713157471293,56.36701861513116,58.125,150.0,0.75,10.13889077370614,57.75,176.64165909404065,186.7805498677468,0.32282134867733353,15.496233747697115,-8.148983765554618e-09,4.355337754167739e-11,True,False,True,0.046203540987335145,False
50mm_front_loaded,50.0,front_loaded,15.0,30.0,98.0,10.0,0.62,50.00000000000001,177.10337120827515,10.0,187.10337120827515,0.0,0.0,1.8416666666666666,0.07303450409135667,26.375,h0.750_o80,0.75,150.0,80.0,0.01449591151972318,80.15196830584257,68.625,144.1294649329675,0.7206473246648375,0.0,,186.950420591148,186.950420591148,0.1529506169742152,10.317364605091345,1.52931223240671e-10,8.173622006544968e-13,True,True,True,0.04753295797854662,True
50mm_front_loaded,50.0,front_loaded,15.0,30.0,98.0,10.0,0.62,50.00000000000001,177.10337120827515,10.0,187.10337120827515,0.0,0.0,1.8416666666666666,0.07303450409135667,26.375,h0.750_o100,0.75,150.0,100.0,0.02102927008717477,71.20639025511848,64.625,127.38359278731936,0.6369179639365968,0.0,,187.01250971360383,187.01250971360383,0.09086149454822205,7.522337559827639,1.2309371577590156e-10,6.578914905754376e-13,True,True,True,0.046761499950662255,True
50mm_front_loaded,50.0,front_loaded,15.0,30.0,98.0,10.0,0.62,50.00000000000001,177.10337120827515,10.0,187.10337120827515,0.0,0.0,1.8416666666666666,0.07303450409135667,26.375,h0.900_o40,0.9,180.0,40.0,0.004043345149807748,94.4637877670121,77.125,173.4173123907135,0.8670865619535675,0.0,,185.3985643530767,185.3985643530767,1.7048068580118247,28.559314650358576,-2.813369093246365e-09,1.5036442556209464e-11,True,True,False,0.04855858301743865,False
50mm_front_loaded,50.0,front_loaded,15.0,30.0,98.0,10.0,0.62,50.00000000000001,177.10337120827515,10.0,187.10337120827515,0.0,0.0,1.8416666666666666,0.07303450409135667,26.375,h0.900_o60,0.9,180.0,60.0,0.008672432158459021,88.12556850168937,72.375,159.96703415002614,0.7998351707501307,0.0,,186.77215365209702,186.77215365209702,0.3312175659968545,14.799149330863772,-9.818722834786797e-09,5.2477530315886354e-11,True,True,True,0.04286537505686283,True
50mm_front_loaded,50.0,front_loaded,15.0,30.0,98.0,10.0,0.62,50.00000000000001,177.10337120827515,10.0,187.10337120827515,0.0,0.0,1.8416666666666666,0.07303450409135667,26.375,h0.900_o80,0.9,180.0,80.0,0.01449591151972318,80.15196830584257,68.625,144.1294649329675,0.7206473246648375,0.0,,186.950420591148,186.950420591148,0.1529506169742152,9.55344425079259,1.52931223240671e-10,8.173622006544968e-13,True,True,True,0.05077387497294694,True
50mm_front_loaded,50.0,front_loaded,15.0,30.0,98.0,10.0,0.62,50.00000000000001,177.10337120827515,10.0,187.10337120827515,0.0,0.0,1.8416666666666666,0.07303450409135667,26.375,h0.900_o100,0.9,180.0,100.0,0.02102927008717477,71.20639025511848,64.625,127.38359278731936,0.6369179639365968,0.0,,187.01250971360383,187.01250971360383,0.09086149454822205,6.911087423467338,1.2309371577590156e-10,6.578914905754376e-13,True,True,True,0.0499949170043692,True
50mm_back_loaded,50.0,back_loaded,15.0,60.0,98.0,10.0,0.62,50.0,177.10337120827512,10.0,187.10337120827512,0.0,-2.842170943040401e-14,1.8416666666666666,0.08542637981187472,59.875,h0.150_o40,0.15,30.0,40.0,0.08542637981187463,9.992007221626409e-14,59.875,30.0,0.15,150.47964206997543,37.5,36.49728822689183,186.97693029686724,0.1264409112363927,37.8261787661592,1.7149034969854426e-10,9.165540342276829e-13,False,False,False,0.13583820906933397,False
50mm_back_loaded,50.0,back_loaded,15.0,30.0,98.0,10.0,0.62,50.0,177.10337120827512,10.0,187.10337120827512,0.0,-2.842170943040401e-14,1.8416666666666666,0.08542637981187472,59.875,h0.150_o60,0.15,30.0,60.0,0.08542637981187463,9.992007221626409e-14,59.875,30.0,0.15,143.89305571416583,37.75,42.99150905822011,186.88456477238594,0.2188064354772917,24.534227177470573,4.118862195756634e-10,2.2013832082008296e-12,False,False,False,0.048739291029050946,False
50mm_back_loaded,50.0,back_loaded,15.0,30.0,98.0,10.0,0.62,50.0,177.10337120827512,10.0,187.10337120827512,0.0,-2.842170943040401e-14,1.8416666666666666,0.08542637981187472,59.875,h0.150_o80,0.15,30.0,80.0,0.08542637981187463,9.992007221626409e-14,59.875,30.0,0.15,136.08562318937484,38.25,50.89242792895611,186.97805111833094,0.12532008978490689,18.27706995175437,1.592753151591353e-10,8.51269082596257e-13,False,False,True,0.04105025005992502,False
50mm_back_loaded,50.0,back_loaded,15.0,30.0,98.0,10.0,0.62,50.0,177.10337120827512,10.0,187.10337120827512,0.0,-2.842170943040401e-14,1.8416666666666666,0.08542637981187472,59.875,h0.150_o100,0.15,30.0,100.0,0.08542637981187463,9.992007221626409e-14,59.875,30.0,0.15,127.60669529682585,38.75,59.41505536677089,187.02175066359678,0.08162054455122526,14.621640507437688,1.2714738983898854e-10,6.795569156124597e-13,False,False,True,0.04818304197397083,False
50mm_back_loaded,50.0,back_loaded,15.0,60.0,98.0,10.0,0.62,50.0,177.10337120827512,10.0,187.10337120827512,0.0,-2.842170943040401e-14,1.8416666666666666,0.08542637981187472,59.875,h0.300_o40,0.3,60.0,40.0,0.08542637981187463,9.992007221626409e-14,59.875,60.0,0.3,118.30527964825185,47.25,68.65185800144816,186.9571376497,0.14623355963819587,30.581353153536302,-1.0630767655062101e-09,5.6817616841486006e-12,False,False,False,0.13763670902699232,False
50mm_back_loaded,50.0,back_loaded,15.0,30.0,98.0,10.0,0.62,50.0,177.10337120827512,10.0,187.10337120827512,0.0,-2.842170943040401e-14,1.8416666666666666,0.08542637981187472,59.875,h0.300_o60,0.3,60.0,60.0,0.08542637981187463,9.992007221626409e-14,59.875,60.0,0.3,109.3911562255771,47.75,77.46327318083682,186.8544294064139,0.24894179996396598,18.792830460857655,1.8972410864570577e-09,1.0140068958699485e-11,False,False,True,0.049436750006861985,False
50mm_back_loaded,50.0,back_loaded,15.0,30.0,98.0,10.0,0.62,50.0,177.10337120827512,10.0,187.10337120827512,0.0,-2.842170943040401e-14,1.8416666666666666,0.08542637981187472,59.875,h0.300_o80,0.3,60.0,80.0,0.08542637981187462,1.1102230246251565e-13,59.875,60.0,0.3,98.55790152614301,48.5,88.41065013267867,186.96855165882167,0.13481954931049087,13.624559164534467,1.4293435879331184e-10,7.639325677045322e-13,False,False,True,0.041677083005197346,False
50mm_back_loaded,50.0,back_loaded,15.0,30.0,98.0,10.0,0.62,50.0,177.10337120827512,10.0,187.10337120827512,0.0,-2.842170943040401e-14,1.8416666666666666,0.08542637981187472,59.875,h0.300_o100,0.3,60.0,100.0,0.08542637981187463,9.992007221626409e-14,59.875,60.0,0.3,86.38481182782624,49.5,100.63299820839615,187.0178100362224,0.08556117192489211,10.729351477553019,1.2784283354161374e-10,6.832738112415131e-13,False,False,True,0.048854291904717684,False
50mm_back_loaded,50.0,back_loaded,15.0,30.0,98.0,10.0,0.62,50.0,177.10337120827512,10.0,187.10337120827512,0.0,-2.842170943040401e-14,1.8416666666666666,0.08542637981187472,59.875,h0.450_o40,0.45,90.0,40.0,0.0854263798118751,-4.440892098500626e-13,59.875,90.0,0.45,87.01936028175787,54.5,99.20899890559318,186.22835918735106,0.8750120226951544,28.67918564598388,-1.7710654054425845e-09,9.465705476098096e-12,False,False,False,0.046026375028304756,False
50mm_back_loaded,50.0,back_loaded,15.0,30.0,98.0,10.0,0.62,50.0,177.10337120827512,10.0,187.10337120827512,0.0,-2.842170943040401e-14,1.8416666666666666,0.08542637981187472,59.875,h0.450_o60,0.45,90.0,60.0,0.0854263798118751,-4.440892098500626e-13,59.875,90.0,0.45,76.87728176855452,55.5,109.9504687208569,186.82775048941147,0.27562071784448716,16.825651630069455,1.0191907318102267e-09,5.447206670988889e-12,False,False,True,0.05159970803651959,False
50mm_back_loaded,50.0,back_loaded,15.0,30.0,98.0,10.0,0.62,50.0,177.10337120827512,10.0,187.10337120827512,0.0,-2.842170943040401e-14,1.8416666666666666,0.08542637981187472,59.875,h0.450_o80,0.45,90.0,80.0,0.0854263798118751,-4.440892098500626e-13,59.875,90.0,0.45,64.62330536641635,56.5,122.33752500169555,186.96083036811189,0.14254084001939882,11.88398729236072,1.4380807655811623e-10,7.686022738630161e-13,False,False,True,0.04120920901186764,False
50mm_back_loaded,50.0,back_loaded,15.0,30.0,98.0,10.0,0.62,50.0,177.10337120827512,10.0,187.10337120827512,0.0,-2.842170943040401e-14,1.8416666666666666,0.08542637981187472,59.875,h0.450_o100,0.45,90.0,100.0,0.0854263798118751,-4.440892098500626e-13,59.875,90.0,0.45,50.985106949048046,58.0,136.02963354461846,187.0147404936665,0.08863071446587628,9.207254692201914,1.4275042259370707e-10,7.629494950938306e-13,False,False,True,0.049912833026610315,False
50mm_back_loaded,50.0,back_loaded,15.0,30.0,98.0,10.0,0.62,50.0,177.10337120827512,10.0,187.10337120827512,0.0,-2.842170943040401e-14,1.8416666666666666,0.08542637981187472,59.875,h0.600_o40,0.6,120.0,40.0,0.08378400837818466,1.9225576892136553,62.875,120.0,0.6,56.167296342346845,61.0,129.81621366547725,185.98351000782407,1.1198612026882215,28.31093279948329,-2.2371664520903778e-09,1.1956847370751348e-11,False,False,False,0.04571354191284627,False
50mm_back_loaded,50.0,back_loaded,15.0,30.0,98.0,10.0,0.62,50.0,177.10337120827512,10.0,187.10337120827512,0.0,-2.842170943040401e-14,1.8416666666666666,0.08542637981187472,59.875,h0.600_o60,0.6,120.0,60.0,0.08378400837818466,1.9225576892136553,62.875,120.0,0.6,45.3107663532731,62.0,141.49130981144148,186.8020761647146,0.30129504740930596,15.99152838192887,-3.848791119143158e-09,2.0570399636780758e-11,False,False,True,0.04382754198741168,False
50mm_back_loaded,50.0,back_loaded,15.0,30.0,98.0,10.0,0.62,50.0,177.10337120827512,10.0,187.10337120827512,0.0,-2.842170943040401e-14,1.8416666666666666,0.08542637981187472,59.875,h0.600_o80,0.6,120.0,80.0,0.08312325505763454,2.696034596470198,64.125,120.0,0.6,32.35369467547176,63.75,154.6001954738828,186.95389014935452,0.1494810587604768,11.035518442737885,1.6009449321785496e-10,8.556472937072038e-13,False,False,True,0.04756945907138288,False
50mm_back_loaded,50.0,back_loaded,15.0,30.0,98.0,10.0,0.62,50.0,177.10337120827512,10.0,187.10337120827512,0.0,-2.842170943040401e-14,1.8416666666666666,0.08542637981187472,59.875,h0.600_o100,0.6,120.0,100.0,0.07809234419064523,8.585211778118707,66.125,120.0,0.6,18.202962613648637,65.75,168.80910144626046,187.01206405990908,0.0913071482696831,8.419922953879864,9.635860165335686e-11,5.150019533645643e-13,False,False,True,0.050974832964129746,False
50mm_back_loaded,50.0,back_loaded,15.0,30.0,98.0,10.0,0.62,50.0,177.10337120827512,10.0,187.10337120827512,0.0,-2.842170943040401e-14,1.8416666666666666,0.08542637981187472,59.875,h0.750_o40,0.75,150.0,40.0,0.06947396483871557,18.673874520129996,67.875,150.0,0.75,25.59474695293517,67.5,160.0781340878072,185.6728810407424,1.4304901701000914,28.579182951819522,-2.567338563963517e-09,1.3721498161065577e-11,False,False,False,0.04111666698008776,False
50mm_back_loaded,50.0,back_loaded,15.0,30.0,98.0,10.0,0.62,50.0,177.10337120827512,10.0,187.10337120827512,0.0,-2.842170943040401e-14,1.8416666666666666,0.08542637981187472,59.875,h0.750_o60,0.75,150.0,60.0,0.05700415833852426,33.2710124623584,69.875,150.0,0.75,14.360100282153288,69.5,172.41641094169356,186.77651122384682,0.3268599919658435,15.652320110726869,-7.537575896776616e-09,4.0285623118923515e-11,False,False,True,0.04993733298033476,False
50mm_back_loaded,50.0,back_loaded,15.0,30.0,98.0,10.0,0.62,50.0,177.10337120827512,10.0,187.10337120827512,0.0,-2.842170943040401e-14,1.8416666666666666,0.08542637981187472,59.875,h0.750_o80,0.75,150.0,80.0,0.026456456301885586,69.03010948123077,75.125,150.0,0.75,1.234498664942025,74.75,185.71289269495028,186.94739135989232,0.15597984822464006,10.58515134118708,1.5815893039672346e-10,8.453024089056525e-13,True,False,True,0.046363166999071836,False
50mm_back_loaded,50.0,back_loaded,15.0,30.0,98.0,10.0,0.62,50.0,177.10337120827512,10.0,187.10337120827512,0.0,-2.842170943040401e-14,1.8416666666666666,0.08542637981187472,59.875,h0.750_o100,0.75,150.0,100.0,0.02191816910919932,74.34262208293582,76.125,137.50505120746843,0.6875252560373422,0.0,,187.01061665738055,187.01061665738055,0.0927545507827341,7.814506493542913,1.1183430570493869e-10,5.977140068761761e-13,True,True,True,0.04683899995870888,True
50mm_back_loaded,50.0,back_loaded,15.0,30.0,98.0,10.0,0.62,50.0,177.10337120827512,10.0,187.10337120827512,0.0,-2.842170943040401e-14,1.8416666666666666,0.08542637981187472,59.875,h0.900_o40,0.9,180.0,40.0,0.00406596478928174,95.24038733909154,86.625,175.31797749958804,0.8765898874979402,0.0,,185.33810924523405,185.33810924523405,1.7652619658590691,28.843320097294693,-2.8179993893928668e-09,1.5061189818199456e-11,True,True,False,0.0468885829905048,False
50mm_back_loaded,50.0,back_loaded,15.0,30.0,98.0,10.0,0.62,50.0,177.10337120827512,10.0,187.10337120827512,0.0,-2.842170943040401e-14,1.8416666666666666,0.08542637981187472,59.875,h0.900_o60,0.9,180.0,60.0,0.008789092822539082,89.71150030951289,81.875,164.13615044840262,0.8206807522420131,0.0,,186.7643595424793,186.7643595424793,0.3390116752827032,15.086649702675933,-9.486880114817353e-09,5.070395072816182e-11,True,True,True,0.04961408395320177,True
50mm_back_loaded,50.0,back_loaded,15.0,30.0,98.0,10.0,0.62,50.0,177.10337120827512,10.0,187.10337120827512,0.0,-2.842170943040401e-14,1.8416666666666666,0.08542637981187472,59.875,h0.900_o80,0.9,180.0,80.0,0.014869053221631075,82.59430722175564,78.625,151.22394038416687,0.7561197019208343,0.0,,186.94713283431074,186.94713283431074,0.15623837379338373,9.84372353005246,1.710011576783188e-10,9.139394794119875e-13,True,True,True,0.042020499939098954,True
50mm_back_loaded,50.0,back_loaded,15.0,30.0,98.0,10.0,0.62,50.0,177.10337120827512,10.0,187.10337120827512,0.0,-2.842170943040401e-14,1.8416666666666666,0.08542637981187472,59.875,h0.900_o100,0.9,180.0,100.0,0.02191816910919932,74.34262208293582,76.125,137.50505120746843,0.6875252560373422,0.0,,187.01061665738055,187.01061665738055,0.0927545507827341,7.203256070013838,1.1183430570493869e-10,5.977140068761761e-13,True,True,True,0.0502155419671908,True
100mm_uniform,100.0,uniform,15.0,60.0,98.0,10.0,0.62,100.0,376.15038887164826,20.000000000000004,396.1503888716482,0.0,-5.684341886080802e-14,1.8416666666666666,0.11618574627237331,59.875,h0.150_o40,0.15,30.0,40.0,0.11618574627237331,0.0,59.875,30.0,0.15,357.93561272046134,17.25,38.088274653965996,396.0238873744273,0.12650149704536487,37.84063432311104,1.7552112541174836e-10,4.4306690171801594e-13,False,False,False,0.13660058297682554,False
100mm_uniform,100.0,uniform,15.0,30.0,98.0,10.0,0.62,100.0,376.15038887164826,20.000000000000004,396.1503888716482,0.0,-5.684341886080802e-14,1.8416666666666666,0.11618574627237331,59.875,h0.150_o60,0.15,30.0,60.0,0.11618574627237331,0.0,59.875,30.0,0.15,349.370889027244,17.5,46.560451208170505,395.93134023541455,0.2190486358232606,24.551144408303553,4.104477036026566e-10,1.0360906239969404e-12,False,False,False,0.047177833039313555,False
100mm_uniform,100.0,uniform,15.0,30.0,98.0,10.0,0.62,100.0,376.15038887164826,20.000000000000004,396.1503888716482,0.0,-5.684341886080802e-14,1.8416666666666666,0.11618574627237331,59.875,h0.150_o80,0.15,30.0,80.0,0.11618574627237331,0.0,59.875,30.0,0.15,338.8876716918313,17.5,57.13724761795136,396.02491930978266,0.12546956171552395,18.29513350129529,1.500193025361085e-10,3.786928064450655e-13,False,False,True,0.04005025001242757,False
100mm_uniform,100.0,uniform,15.0,30.0,98.0,10.0,0.62,100.0,376.15038887164826,20.000000000000004,396.1503888716482,0.0,-5.684341886080802e-14,1.8416666666666666,0.11618574627237331,59.875,h0.150_o100,0.15,30.0,100.0,0.11618574627237331,0.0,59.875,30.0,0.15,327.1537765151844,17.75,68.91489012887743,396.0686666440618,0.08172222745517374,14.640343132568974,1.3122317121805338e-10,3.3124584729505185e-13,False,False,True,0.04875337495468557,False
100mm_uniform,100.0,uniform,15.0,60.0,98.0,10.0,0.62,100.0,376.15038887164826,20.000000000000004,396.1503888716482,0.0,-5.684341886080802e-14,1.8416666666666666,0.11618574627237331,59.875,h0.300_o40,0.3,60.0,40.0,0.11618574627237307,1.9984014443252818e-13,59.875,60.0,0.3,324.7258998752313,23.0,71.27817291713387,396.0040727923652,0.1463160803230798,30.597182493487786,-1.0400262318022158e-09,2.625331846232724e-12,False,False,False,0.1373504160437733,False
100mm_uniform,100.0,uniform,15.0,30.0,98.0,10.0,0.62,100.0,376.15038887164826,20.000000000000004,396.1503888716482,0.0,-5.684341886080802e-14,1.8416666666666666,0.11618574627237331,59.875,h0.300_o60,0.3,60.0,60.0,0.11618574627237307,1.9984014443252818e-13,59.875,60.0,0.3,312.43194819084044,23.25,83.46918793998609,395.9011361308265,0.24925273898425848,18.810725535197264,1.8374444188395955e-09,4.638249691166965e-12,False,False,True,0.04672933300025761,False
100mm_uniform,100.0,uniform,15.0,30.0,98.0,10.0,0.62,100.0,376.15038887164826,20.000000000000004,396.1503888716482,0.0,-5.684341886080802e-14,1.8416666666666666,0.11618574627237331,59.875,h0.300_o80,0.3,60.0,80.0,0.11618574627237307,1.9984014443252818e-13,59.875,60.0,0.3,296.8039079248494,23.5,99.21148677269275,396.01539469754215,0.1349941739627022,13.643470872433687,1.4335255205111253e-10,3.6186396903313003e-13,False,False,True,0.040510499966330826,False
100mm_uniform,100.0,uniform,15.0,30.0,98.0,10.0,0.62,100.0,376.15038887164826,20.000000000000004,396.1503888716482,0.0,-5.684341886080802e-14,1.8416666666666666,0.11618574627237331,59.875,h0.300_o100,0.3,60.0,100.0,0.11618574627237307,1.9984014443252818e-13,59.875,60.0,0.3,278.3979445651894,24.0,117.66676916617755,396.06471373136696,0.08567514017749676,10.748881488201688,1.0374247294553385e-10,2.6187648897940665e-13,False,False,True,0.049339499906636775,False
100mm_uniform,100.0,uniform,15.0,30.0,98.0,10.0,0.62,100.0,376.15038887164826,20.000000000000004,396.1503888716482,0.0,-5.684341886080802e-14,1.8416666666666666,0.11618574627237331,59.875,h0.450_o40,0.45,90.0,40.0,0.11618574627237307,1.9984014443252818e-13,59.875,90.0,0.45,292.5548657591419,28.0,102.71925095057614,395.2741167097181,0.8762721636701839,28.695692155378108,-1.7399669482998092e-09,4.392187909383965e-12,False,False,False,0.04590179200749844,False
100mm_uniform,100.0,uniform,15.0,30.0,98.0,10.0,0.62,100.0,376.15038887164826,20.000000000000004,396.1503888716482,0.0,-5.684341886080802e-14,1.8416666666666666,0.11618574627237331,59.875,h0.450_o60,0.45,90.0,60.0,0.11618574627237307,1.9984014443252818e-13,59.875,90.0,0.45,277.8593431526102,28.5,118.01505336435348,395.87439651696366,0.2759923536643853,16.844009851969705,1.0201049449598543e-09,2.575044663884871e-12,False,False,True,0.04680349992122501,False
100mm_uniform,100.0,uniform,15.0,30.0,98.0,10.0,0.62,100.0,376.15038887164826,20.000000000000004,396.1503888716482,0.0,-5.684341886080802e-14,1.8416666666666666,0.11618574627237331,59.875,h0.450_o80,0.45,90.0,80.0,0.11618574627237307,1.9984014443252818e-13,59.875,90.0,0.45,259.0681280455477,29.0,136.9395264805653,396.007654526113,0.1427343454049522,11.903263268766983,1.3023662703837147e-10,3.287555198653808e-13,False,False,True,0.04759416705928743,False
100mm_uniform,100.0,uniform,15.0,30.0,98.0,10.0,0.62,100.0,376.15038887164826,20.000000000000004,396.1503888716482,0.0,-5.684341886080802e-14,1.8416666666666666,0.11618574627237331,59.875,h0.450_o100,0.45,90.0,100.0,0.11618574627237307,1.9984014443252818e-13,59.875,90.0,0.45,236.79463716310661,29.5,159.2669985479499,396.06163571105657,0.08875316045418767,9.227156062465399,1.375056873920144e-10,3.471047643892783e-13,False,False,True,0.04758916702121496,False
100mm_uniform,100.0,uniform,15.0,30.0,98.0,10.0,0.62,100.0,376.15038887164826,20.000000000000004,396.1503888716482,0.0,-5.684341886080802e-14,1.8416666666666666,0.11618574627237331,59.875,h0.600_o40,0.6,120.0,40.0,0.11618574627237307,1.9984014443252818e-13,59.875,120.0,0.6,260.90572532376365,32.75,134.12293467945545,395.0286600032191,1.1217288706294666,28.327827503521842,-2.200364557225498e-09,5.554366773418494e-12,False,False,False,0.04037529102060944,False
100mm_uniform,100.0,uniform,15.0,30.0,98.0,10.0,0.62,100.0,376.15038887164826,20.000000000000004,396.1503888716482,0.0,-5.684341886080802e-14,1.8416666666666666,0.11618574627237331,59.875,h0.600_o60,0.6,120.0,60.0,0.11618574627237307,1.9984014443252818e-13,59.875,120.0,0.6,244.4443212170283,33.25,151.40434054676953,395.8486617637978,0.30172711163234994,16.01020177057607,-3.781995883134215e-09,9.546869041089274e-12,False,False,True,0.04927783296443522,False
100mm_uniform,100.0,uniform,15.0,30.0,98.0,10.0,0.62,100.0,376.15038887164826,20.000000000000004,396.1503888716482,0.0,-5.684341886080802e-14,1.8416666666666666,0.11618574627237331,59.875,h0.600_o80,0.6,120.0,80.0,0.11618574627237307,1.9984014443252818e-13,59.875,120.0,0.6,223.39483742194676,34.0,172.60585984876556,396.00069727071235,0.14969160077201646,11.055047024573804,1.63893260074488e-10,4.137147524739375e-13,False,False,True,0.04869158298242837,False
100mm_uniform,100.0,uniform,15.0,30.0,98.0,10.0,0.62,100.0,376.15038887164826,20.000000000000004,396.1503888716482,0.0,-5.684341886080802e-14,1.8416666666666666,0.11618574627237331,59.875,h0.600_o100,0.6,120.0,100.0,0.11618574627237307,1.9984014443252818e-13,59.875,120.0,0.6,198.46414718552595,35.0,197.5948052115499,396.0589523970758,0.0914364744716589,8.440024778160833,1.0067438549477004e-10,2.541317346210868e-13,False,False,True,0.04463187500368804,False
100mm_uniform,100.0,uniform,15.0,30.0,98.0,10.0,0.62,100.0,376.15038887164826,20.000000000000004,396.1503888716482,0.0,-5.684341886080802e-14,1.8416666666666666,0.11618574627237331,59.875,h0.750_o40,0.75,150.0,40.0,0.11618574627237307,1.9984014443252818e-13,59.875,150.0,0.75,229.59224116482756,37.25,165.1249123672161,394.7171535320437,1.4332353421353605,28.596381029096683,-2.5308100060073002e-09,6.38850819562688e-12,False,False,False,0.05203579203225672,False
100mm_uniform,100.0,uniform,15.0,30.0,98.0,10.0,0.62,100.0,376.15038887164826,20.000000000000004,396.1503888716482,0.0,-5.684341886080802e-14,1.8416666666666666,0.11618574627237331,59.875,h0.750_o60,0.75,150.0,60.0,0.11618574627237307,1.9984014443252818e-13,59.875,150.0,0.75,211.76996452423847,38.0,184.05307110848204,395.8230356327204,0.32735324628306856,15.671184915470667,-7.355383357943168e-09,1.8567149154878893e-11,False,False,True,0.04069729207549244,False
100mm_uniform,100.0,uniform,15.0,30.0,98.0,10.0,0.62,100.0,376.15038887164826,20.000000000000004,396.1503888716482,0.0,-5.684341886080802e-14,1.8416666666666666,0.11618574627237331,59.875,h0.750_o80,0.75,150.0,80.0,0.11618574627237307,1.9984014443252818e-13,59.875,150.0,0.75,189.0334152740562,39.0,206.96076708957384,395.99418236362993,0.15620650789793097,10.60487412934701,1.2028414375642171e-10,3.036325272809299e-13,False,False,True,0.049735625041648746,False
100mm_uniform,100.0,uniform,15.0,30.0,98.0,10.0,0.62,100.0,376.15038887164826,20.000000000000004,396.1503888716482,0.0,-5.684341886080802e-14,1.8416666666666666,0.11618574627237331,59.875,h0.750_o100,0.75,150.0,100.0,0.11618574627237307,1.9984014443252818e-13,59.875,150.0,0.75,162.2050916619705,40.5,233.85141285988732,396.0565045218578,0.09388434968702034,7.984650173044598,1.0339415434934551e-10,2.6099723048068236e-13,False,False,True,0.04089470801409334,False
100mm_uniform,100.0,uniform,15.0,60.0,98.0,10.0,0.62,100.0,376.15038887164826,20.000000000000004,396.1503888716482,0.0,-5.684341886080802e-14,1.8416666666666666,0.11618574627237331,59.875,h0.900_o40,0.9,180.0,40.0,0.11618574627237307,1.9984014443252818e-13,59.875,180.0,0.9,198.52282937891164,41.75,197.4081182465774,395.9309476254891,0.2194412489276761,29.177197087213578,-2.7684837478059166e-09,6.9884665661729255e-12,False,False,False,0.1453709159977734,False
100mm_uniform,100.0,uniform,15.0,30.0,98.0,10.0,0.62,100.0,376.15038887164826,20.000000000000004,396.1503888716482,0.0,-5.684341886080802e-14,1.8416666666666666,0.11618574627237331,59.875,h0.900_o60,0.9,180.0,60.0,0.11618574627237307,1.9984014443252818e-13,59.875,180.0,0.9,179.63150237910372,42.75,216.1655380681906,395.79704044729436,0.35334843446807385,15.590430369111633,-1.0114177384501488e-08,2.5531156017061133e-11,False,False,True,0.04082133306656033,False
100mm_uniform,100.0,uniform,15.0,30.0,98.0,10.0,0.62,100.0,376.15038887164826,20.000000000000004,396.1503888716482,0.0,-5.684341886080802e-14,1.8416666666666666,0.11618574627237331,59.875,h0.900_o80,0.9,180.0,80.0,0.11618574627237307,1.9984014443252818e-13,59.875,180.0,0.9,155.62400296189023,44.0,240.36394142664167,395.98794438853184,0.1624444829839546,10.367452664527134,1.323486042981159e-10,3.3408677112518637e-13,False,False,True,0.049702416989021,False
100mm_uniform,100.0,uniform,15.0,30.0,98.0,10.0,0.62,100.0,376.15038887164826,20.000000000000004,396.1503888716482,0.0,-5.684341886080802e-14,1.8416666666666666,0.11618574627237331,59.875,h0.900_o100,0.9,180.0,100.0,0.11618574627237307,1.9984014443252818e-13,59.875,180.0,0.9,127.45294137318746,46.0,268.60127405480944,396.05421542799695,0.09617344355110942,7.70889277771834,1.002003341410429e-10,2.5293508969268634e-13,False,False,True,0.041123875067569315,False
100mm_front_loaded,100.0,front_loaded,15.0,60.0,98.0,10.0,0.62,100.00000000000001,376.1503888716482,20.0,396.15038887164815,0.0,-5.684341886080802e-14,1.8416666666666666,0.15451085907979603,24.875,h0.150_o40,0.15,30.0,40.0,0.15451085907979614,-6.661338147750939e-14,24.875,30.0,0.15,358.2299593849316,13.5,37.794341483134964,396.0243008680665,0.12608800341173218,37.74176905208758,1.698963469909387e-10,4.288683080050812e-13,False,False,False,0.14366145804524422,False
100mm_front_loaded,100.0,front_loaded,15.0,30.0,98.0,10.0,0.62,100.00000000000001,376.1503888716482,20.0,396.15038887164815,0.0,-5.684341886080802e-14,1.8416666666666666,0.15451085907979603,24.875,h0.150_o60,0.15,30.0,60.0,0.15451085907979614,-6.661338147750939e-14,24.875,30.0,0.15,350.0378978293201,13.5,45.8949112769692,395.9328091062893,0.2175797649778921,24.44811348176322,3.8094261078924774e-10,9.616110989422058e-13,False,False,False,0.040185959078371525,False
100mm_front_loaded,100.0,front_loaded,15.0,30.0,98.0,10.0,0.62,100.00000000000001,376.1503888716482,20.0,396.15038887164815,0.0,-5.684341886080802e-14,1.8416666666666666,0.15451085907979603,24.875,h0.150_o80,0.15,30.0,80.0,0.15451085907979617,-8.881784197001252e-14,24.875,30.0,0.15,340.0185531985996,13.75,56.00722656106768,396.0257797596673,0.12460911180586785,18.190703621784127,1.750060235616857e-10,4.417666332731716e-13,False,False,True,0.04900383297353983,False
100mm_front_loaded,100.0,front_loaded,15.0,30.0,98.0,10.0,0.62,100.00000000000001,376.1503888716482,20.0,396.15038887164815,0.0,-5.684341886080802e-14,1.8416666666666666,0.15451085907979603,24.875,h0.150_o100,0.15,30.0,100.0,0.15451085907979614,-6.661338147750939e-14,24.875,30.0,0.15,328.8114364980306,13.75,67.25779922417013,396.06923572220063,0.0811531493221136,14.535221090909486,1.2528889037355384e-10,3.162659785098612e-13,False,False,True,0.045197041938081384,False
100mm_front_loaded,100.0,front_loaded,15.0,60.0,98.0,10.0,0.62,100.00000000000001,376.1503888716482,20.0,396.15038887164815,0.0,-5.684341886080802e-14,1.8416666666666666,0.15451085907979603,24.875,h0.300_o40,0.3,60.0,40.0,0.15451085907979614,-6.661338147750939e-14,24.875,60.0,0.3,325.10080608715606,17.75,70.90379437074243,396.00460045789856,0.14578841478613264,30.495732248044014,-1.0364336611168312e-09,2.616263142057986e-12,False,False,False,0.13984533306211233,False
100mm_front_loaded,100.0,front_loaded,15.0,30.0,98.0,10.0,0.62,100.00000000000001,376.1503888716482,20.0,396.15038887164815,0.0,-5.684341886080802e-14,1.8416666666666666,0.15451085907979603,24.875,h0.300_o60,0.3,60.0,60.0,0.15451085907979614,-6.661338147750939e-14,24.875,60.0,0.3,313.27764281410674,17.75,82.62529757037188,395.90294038447865,0.24744848533804778,18.706418571727507,1.8315017003001088e-09,4.623248523160004e-12,False,False,True,0.04035995900630951,False
100mm_front_loaded,100.0,front_loaded,15.0,30.0,98.0,10.0,0.62,100.00000000000001,376.1503888716482,20.0,396.15038887164815,0.0,-5.684341886080802e-14,1.8416666666666666,0.15451085907979603,24.875,h0.300_o80,0.3,60.0,80.0,0.15451085907979614,-6.661338147750939e-14,24.875,60.0,0.3,298.2531995136396,18.0,97.76316512630181,396.01636463994134,0.13402423154566415,13.537961238470245,1.6113907430614915e-10,4.067623782097507e-13,False,False,True,0.04900849994737655,False
100mm_front_loaded,100.0,front_loaded,15.0,30.0,98.0,10.0,0.62,100.00000000000001,376.1503888716482,20.0,396.15038887164815,0.0,-5.684341886080802e-14,1.8416666666666666,0.15451085907979603,24.875,h0.300_o100,0.3,60.0,100.0,0.15451085907979614,-6.661338147750939e-14,24.875,60.0,0.3,280.53256413353853,18.0,115.53276498189057,396.06532911542905,0.0850597561099899,10.642963371942155,1.090488116473054e-10,2.7527124726018375e-13,False,False,True,0.045315375085920095,False
100mm_front_loaded,100.0,front_loaded,15.0,30.0,98.0,10.0,0.62,100.00000000000001,376.1503888716482,20.0,396.15038887164815,0.0,-5.684341886080802e-14,1.8416666666666666,0.15451085907979603,24.875,h0.450_o40,0.45,90.0,40.0,0.15451085907979614,-6.661338147750939e-14,24.875,90.0,0.45,292.93791550934276,21.0,102.34398353068984,395.2818990400326,0.8684898333461716,28.593178991618405,-1.7306375221792791e-09,4.368637696175535e-12,False,False,False,0.04338737507350743,False
100mm_front_loaded,100.0,front_loaded,15.0,30.0,98.0,10.0,0.62,100.00000000000001,376.1503888716482,20.0,396.15038887164815,0.0,-5.684341886080802e-14,1.8416666666666666,0.15451085907979603,24.875,h0.450_o60,0.45,90.0,60.0,0.15451085907979614,-6.661338147750939e-14,24.875,90.0,0.45,278.7142751591329,21.25,117.16223472390847,395.8765098830414,0.27387898764389373,16.739116710712064,9.628314812104577e-10,2.4304696101722443e-12,False,False,True,0.04614237498026341,False
100mm_front_loaded,100.0,front_loaded,15.0,30.0,98.0,10.0,0.62,100.00000000000001,376.1503888716482,20.0,396.15038887164815,0.0,-5.684341886080802e-14,1.8416666666666666,0.15451085907979603,24.875,h0.450_o80,0.45,90.0,80.0,0.15451085907979614,-6.661338147750939e-14,24.875,90.0,0.45,260.5089615937437,21.5,135.49975122892528,396.00871282266905,0.1416760488359308,11.797359974850828,1.4321918651027943e-10,3.615273152153389e-13,False,False,True,0.05039695801679045,False
100mm_front_loaded,100.0,front_loaded,15.0,30.0,98.0,10.0,0.62,100.00000000000001,376.1503888716482,20.0,396.15038887164815,0.0,-5.684341886080802e-14,1.8416666666666666,0.15451085907979603,24.875,h0.450_o100,0.45,90.0,100.0,0.15451085907979614,-6.661338147750939e-14,24.875,90.0,0.45,238.8455977409186,21.75,157.21668725626205,396.06228499718065,0.08810387436115348,9.121154056145956,1.0633897928880032e-10,2.684308340367524e-13,False,False,True,0.040665874956175685,False
100mm_front_loaded,100.0,front_loaded,15.0,30.0,98.0,10.0,0.62,100.00000000000001,376.1503888716482,20.0,396.15038887164815,0.0,-5.684341886080802e-14,1.8416666666666666,0.15451085907979603,24.875,h0.600_o40,0.6,120.0,40.0,0.15451085907979614,-6.661338147750939e-14,24.875,120.0,0.6,261.2551628530681,24.5,133.78481991971648,395.0399827727846,1.1104061010466273,28.224749691662957,-2.1830635077435545e-09,5.5106938401892175e-12,False,False,False,0.04921762505546212,False
100mm_front_loaded,100.0,front_loaded,15.0,30.0,98.0,10.0,0.62,100.00000000000001,376.1503888716482,20.0,396.15038887164815,0.0,-5.684341886080802e-14,1.8416666666666666,0.15451085907979603,24.875,h0.600_o60,0.6,120.0,60.0,0.15449216732935156,0.012097370085051296,25.125,120.0,0.6,245.21268347608162,24.75,150.6384018338686,395.8510853099502,0.2993035654586324,15.904938709377074,-3.76072101238023e-09,9.493165015164722e-12,False,False,True,0.04521920904517174,False
100mm_front_loaded,100.0,front_loaded,15.0,30.0,98.0,10.0,0.62,100.00000000000001,376.1503888716482,20.0,396.15038887164815,0.0,-5.684341886080802e-14,1.8416666666666666,0.15451085907979603,24.875,h0.600_o80,0.6,120.0,80.0,0.1544382678507058,0.04698131220197688,25.375,120.0,0.6,224.63942146960957,25.0,171.36241341661093,396.0018348862206,0.14855398528908953,10.949034377650804,1.3857853753407312e-10,3.4981295343110786e-13,False,False,True,0.043619749951176345,False
100mm_front_loaded,100.0,front_loaded,15.0,30.0,98.0,10.0,0.62,100.00000000000001,376.1503888716482,20.0,396.15038887164815,0.0,-5.684341886080802e-14,1.8416666666666666,0.15451085907979603,24.875,h0.600_o100,0.6,120.0,100.0,0.15423110060829306,0.18106071843047022,25.875,120.0,0.6,200.13706204482077,25.5,195.9225702915274,396.05963233634816,0.09075653519360039,8.333858833204436,1.063877874685204e-10,2.6855404022584417e-13,False,False,True,0.046339625027030706,False
100mm_front_loaded,100.0,front_loaded,15.0,30.0,98.0,10.0,0.62,100.00000000000001,376.1503888716482,20.0,396.15038887164815,0.0,-5.684341886080802e-14,1.8416666666666666,0.15451085907979603,24.875,h0.750_o40,0.75,150.0,40.0,0.15191123620241268,1.6824855501196834,28.125,150.0,0.75,229.88036624975672,27.75,164.85318852131965,394.7335547710764,1.4168341030833251,28.49288955605563,-2.511520325043648e-09,6.339815372129737e-12,False,False,False,0.04950650001410395,False
100mm_front_loaded,100.0,front_loaded,15.0,30.0,98.0,10.0,0.62,100.00000000000001,376.1503888716482,20.0,396.15038887164815,0.0,-5.684341886080802e-14,1.8416666666666666,0.15451085907979603,24.875,h0.750_o60,0.75,150.0,60.0,0.1511598701340006,2.16877245117435,28.625,150.0,0.75,212.38479994727848,28.25,183.4409798154961,395.82577976277446,0.32460911612068777,15.565687079063613,-7.247113908981362e-09,1.8293845248071713e-11,False,False,True,0.04082354193087667,False
100mm_front_loaded,100.0,front_loaded,15.0,30.0,98.0,10.0,0.62,100.00000000000001,376.1503888716482,20.0,396.15038887164815,0.0,-5.684341886080802e-14,1.8416666666666666,0.15451085907979603,24.875,h0.750_o80,0.75,150.0,80.0,0.15034997180170914,2.6929416500998338,29.125,150.0,0.75,189.95435919846358,28.75,206.0410360157424,395.9953952142059,0.1549936572540796,10.498833456556264,1.8808260504599161e-10,4.747757678130917e-13,False,False,True,0.04972837492823601,False
100mm_front_loaded,100.0,front_loaded,15.0,30.0,98.0,10.0,0.62,100.00000000000001,376.1503888716482,20.0,396.15038887164815,0.0,-5.684341886080802e-14,1.8416666666666666,0.15451085907979603,24.875,h0.750_o100,0.75,150.0,100.0,0.14907126064449397,3.5205282448742437,29.875,150.0,0.75,163.29933405402184,29.5,232.75787964157863,396.05721369560047,0.09317517594141729,7.878212393035346,1.0626270696700857e-10,2.682383002820614e-13,False,False,True,0.04563787498045713,False
100mm_front_loaded,100.0,front_loaded,15.0,60.0,98.0,10.0,0.62,100.00000000000001,376.1503888716482,20.0,396.15038887164815,0.0,-5.684341886080802e-14,1.8416666666666666,0.15451085907979603,24.875,h0.900_o40,0.9,180.0,40.0,0.14421136387279604,6.665871426991998,31.625,180.0,0.9,198.72912147920871,31.25,197.2028166721699,395.93193815137863,0.2184507230177421,29.073437613655898,-2.748169414257262e-09,6.937187218431995e-12,False,False,False,0.14120975008700043,False
100mm_front_loaded,100.0,front_loaded,15.0,30.0,98.0,10.0,0.62,100.00000000000001,376.1503888716482,20.0,396.15038887164815,0.0,-5.684341886080802e-14,1.8416666666666666,0.15451085907979603,24.875,h0.900_o60,0.9,180.0,60.0,0.14321328864229296,7.311829411076232,32.125,180.0,0.9,180.0466091782119,31.75,215.75351335073705,395.800122528949,0.3502663526044122,15.48474380929985,-9.905240516694391e-09,2.5003737961503473e-11,False,False,True,0.04059587500523776,False
100mm_front_loaded,100.0,front_loaded,15.0,30.0,98.0,10.0,0.62,100.00000000000001,376.1503888716482,20.0,396.15038887164815,0.0,-5.684341886080802e-14,1.8416666666666666,0.15451085907979603,24.875,h0.900_o80,0.9,180.0,80.0,0.14166664758209702,8.312821230943845,32.875,180.0,0.9,156.13473267015735,32.5,239.8544982217091,395.98923089186644,0.16115797969734838,10.261375881717852,8.435738219070288e-11,2.129428231308249e-13,False,False,True,0.04979804193135351,False
100mm_front_loaded,100.0,front_loaded,15.0,30.0,98.0,10.0,0.62,100.00000000000001,376.1503888716482,20.0,396.15038887164815,0.0,-5.684341886080802e-14,1.8416666666666666,0.15451085907979603,24.875,h0.900_o100,0.9,180.0,100.0,0.13949566943597536,9.717886324136082,33.875,180.0,0.9,127.83925478120696,33.5,268.21569876753694,396.0549535487439,0.09543532276531588,7.602032631434945,1.3890674721572793e-10,3.506414511200528e-13,False,False,True,0.04589316691271961,False
100mm_back_loaded,100.0,back_loaded,15.0,60.0,98.0,10.0,0.62,100.0,376.15038887164815,20.0,396.15038887164815,0.0,-1.1368683772161603e-13,1.8416666666666666,0.17348937433669395,59.875,h0.150_o40,0.15,30.0,40.0,0.17348937433669392,1.1102230246251565e-14,59.875,30.0,0.15,358.5179225961627,27.75,37.505792793011736,396.0237153891744,0.1266734822977669,37.88161293836097,1.7596721302304275e-10,4.4419295794268607e-13,False,False,False,0.14009324996732175,False
100mm_back_loaded,100.0,back_loaded,15.0,30.0,98.0,10.0,0.62,100.0,376.15038887164815,20.0,396.15038887164815,0.0,-1.1368683772161603e-13,1.8416666666666666,0.17348937433669395,59.875,h0.150_o60,0.15,30.0,60.0,0.17348937433669392,1.1102230246251565e-14,59.875,30.0,0.15,350.6135091430829,28.0,45.31717153921232,395.93068068229525,0.2197081889321712,24.597070973131007,4.2072906270007593e-10,1.0620437957878446e-12,False,False,False,0.04036229208577424,False
100mm_back_loaded,100.0,back_loaded,15.0,30.0,98.0,10.0,0.62,100.0,376.15038887164815,20.0,396.15038887164815,0.0,-1.1368683772161603e-13,1.8416666666666666,0.17348937433669395,59.875,h0.150_o80,0.15,30.0,80.0,0.17348937433669392,1.1102230246251565e-14,59.875,30.0,0.15,341.02450976293045,28.25,55.000012000877824,396.0245217638083,0.12586710769736573,18.34302038907175,1.425290163670212e-10,3.5978512295036593e-13,False,False,True,0.049357458017766476,False
100mm_back_loaded,100.0,back_loaded,15.0,30.0,98.0,10.0,0.62,100.0,376.15038887164815,20.0,396.15038887164815,0.0,-1.1368683772161603e-13,1.8416666666666666,0.17348937433669395,59.875,h0.150_o100,0.15,30.0,100.0,0.17348937433669392,1.1102230246251565e-14,59.875,30.0,0.15,330.38376522155465,28.5,65.68463536450848,396.06840058606315,0.08198828545767385,14.689114469706425,1.2738125831912583e-10,3.215477300980186e-13,False,False,True,0.04496491700410843,False
100mm_back_loaded,100.0,back_loaded,15.0,60.0,98.0,10.0,0.62,100.0,376.15038887164815,20.0,396.15038887164815,0.0,-1.1368683772161603e-13,1.8416666666666666,0.17348937433669395,59.875,h0.300_o40,0.3,60.0,40.0,0.17348937433669392,1.1102230246251565e-14,59.875,60.0,0.3,325.67324070000075,34.75,70.33060321216189,396.0038439121626,0.1465449605325199,30.641016918728052,-1.046981307206707e-09,2.6428885004728e-12,False,False,False,0.13987004105001688,False
100mm_back_loaded,100.0,back_loaded,15.0,30.0,98.0,10.0,0.62,100.0,376.15038887164815,20.0,396.15038887164815,0.0,-1.1368683772161603e-13,1.8416666666666666,0.17348937433669395,59.875,h0.300_o60,0.3,60.0,60.0,0.17348937433669392,1.1102230246251565e-14,59.875,60.0,0.3,314.52260683313426,35.25,81.37769821084501,395.9003050439793,0.250083825821961,18.858391609778693,1.8469413776145416e-09,4.662222806028714e-12,False,False,True,0.04067541693802923,False
100mm_back_loaded,100.0,back_loaded,15.0,30.0,98.0,10.0,0.62,100.0,376.15038887164815,20.0,396.15038887164815,0.0,-1.1368683772161603e-13,1.8416666666666666,0.17348937433669395,59.875,h0.300_o80,0.3,60.0,80.0,0.17348937433669392,1.1102230246251565e-14,59.875,60.0,0.3,300.5168546738572,35.5,95.49808480642128,396.0149394802785,0.13544939121562768,13.692597623423216,1.5403381348200185e-10,3.888266118348011e-13,False,False,True,0.0513924170518294,False
100mm_back_loaded,100.0,back_loaded,15.0,30.0,98.0,10.0,0.62,100.0,376.15038887164815,20.0,396.15038887164815,0.0,-1.1368683772161603e-13,1.8416666666666666,0.17348937433669395,59.875,h0.300_o100,0.3,60.0,100.0,0.17348937433669392,1.1102230246251565e-14,59.875,60.0,0.3,284.22358473071387,36.0,111.8408376044384,396.06442233515224,0.08596653636166379,10.798638620048134,1.3423900879772077e-10,3.3885870762382087e-13,False,False,True,0.04564124997705221,False
100mm_back_loaded,100.0,back_loaded,15.0,30.0,98.0,10.0,0.62,100.0,376.15038887164815,20.0,396.15038887164815,0.0,-1.1368683772161603e-13,1.8416666666666666,0.17348937433669395,59.875,h0.450_o40,0.45,90.0,40.0,0.17348937433669392,1.1102230246251565e-14,59.875,90.0,0.45,293.80231464222464,40.25,101.46834208655301,395.27065672877757,0.8797321446191932,28.740831788100063,-1.7486700976121483e-09,4.414157215881754e-12,False,False,False,0.046687624999322,False
100mm_back_loaded,100.0,back_loaded,15.0,30.0,98.0,10.0,0.62,100.0,376.15038887164815,20.0,396.15038887164815,0.0,-1.1368683772161603e-13,1.8416666666666666,0.17348937433669395,59.875,h0.450_o60,0.45,90.0,60.0,0.17348937433669392,1.1102230246251565e-14,59.875,90.0,0.45,280.6398605034066,40.75,115.2335534778942,395.8734139813008,0.27697488933341413,16.89236677220758,1.0139186712443404e-09,2.5594286910389676e-12,False,False,True,0.045282416976988316,False
100mm_back_loaded,100.0,back_loaded,15.0,30.0,98.0,10.0,0.62,100.0,376.15038887164815,20.0,396.15038887164815,0.0,-1.1368683772161603e-13,1.8416666666666666,0.17348937433669395,59.875,h0.450_o80,0.45,90.0,80.0,0.17348937433669392,1.1102230246251565e-14,59.875,90.0,0.45,264.0415620271521,41.25,131.96559317199623,396.00715519914826,0.14323367235275827,11.952822890523032,1.470170929440684e-10,3.7111434716198553e-13,False,False,True,0.047953124972991645,False
100mm_back_loaded,100.0,back_loaded,15.0,30.0,98.0,10.0,0.62,100.0,376.15038887164815,20.0,396.15038887164815,0.0,-1.1368683772161603e-13,1.8416666666666666,0.17348937433669395,59.875,h0.450_o100,0.45,90.0,100.0,0.17348937433669392,1.1102230246251565e-14,59.875,90.0,0.45,244.64356652556035,42.0,151.4177594303205,396.0613259558809,0.08906291565207121,9.277317365209488,1.1525762289021912e-10,2.909441114484488e-13,False,False,True,0.04101158294361085,False
100mm_back_loaded,100.0,back_loaded,15.0,30.0,98.0,10.0,0.62,100.0,376.15038887164815,20.0,396.15038887164815,0.0,-1.1368683772161603e-13,1.8416666666666666,0.17348937433669395,59.875,h0.600_o40,0.6,120.0,40.0,0.17348937433669392,1.1102230246251565e-14,59.875,120.0,0.6,262.4052653189025,44.75,132.61828952419904,395.02355484310146,1.1268340307540117,28.373793729837722,-2.2073864958116474e-09,5.5720922099784574e-12,False,False,False,0.049349041073583066,False
100mm_back_loaded,100.0,back_loaded,15.0,30.0,98.0,10.0,0.62,100.0,376.15038887164815,20.0,396.15038887164815,0.0,-1.1368683772161603e-13,1.8416666666666666,0.17348937433669395,59.875,h0.600_o60,0.6,120.0,60.0,0.17348937433669392,1.1102230246251565e-14,59.875,120.0,0.6,247.79996377485332,45.25,148.04756547326676,395.84752924812005,0.3028596273032074,16.05895685049079,-3.775171342201844e-09,9.52964189421758e-12,False,False,True,0.04591841599904001,False
100mm_back_loaded,100.0,back_loaded,15.0,30.0,98.0,10.0,0.62,100.0,376.15038887164815,20.0,396.15038887164815,0.0,-1.1368683772161603e-13,1.8416666666666666,0.17348937433669395,59.875,h0.600_o80,0.6,120.0,80.0,0.17348937433669392,1.1102230246251565e-14,59.875,120.0,0.6,229.4039772876047,46.0,166.59618096216622,396.0001582497709,0.15023062175426583,11.104856571510995,1.2293333018220665e-10,3.103198523478839e-13,False,False,True,0.07382708298973739,False
100mm_back_loaded,100.0,back_loaded,15.0,30.0,98.0,10.0,0.62,100.0,376.15038887164815,20.0,396.15038887164815,0.0,-1.1368683772161603e-13,1.8416666666666666,0.17348937433669395,59.875,h0.600_o100,0.6,120.0,100.0,0.17348937433669392,1.1102230246251565e-14,59.875,120.0,0.6,207.94164046371608,46.75,188.11698620491174,396.0586266686278,0.09176220288013215,8.49046528434029,1.401911919884924e-10,3.538837671920449e-13,False,False,True,0.04752233298495412,False
100mm_back_loaded,100.0,back_loaded,15.0,30.0,98.0,10.0,0.62,100.0,376.15038887164815,20.0,396.15038887164815,0.0,-1.1368683772161603e-13,1.8416666666666666,0.17348937433669395,59.875,h0.750_o40,0.75,150.0,40.0,0.17348937433669487,-5.329070518200751e-13,59.875,150.0,0.75,231.30315795272438,48.75,163.40653083684757,394.70968878957194,1.4407000846120146,28.64289739219733,-2.5358095623317922e-09,6.401128545031894e-12,False,False,False,0.047349292086437345,False
100mm_back_loaded,100.0,back_loaded,15.0,30.0,98.0,10.0,0.62,100.0,376.15038887164815,20.0,396.15038887164815,0.0,-1.1368683772161603e-13,1.8416666666666666,0.17348937433669395,59.875,h0.750_o60,0.75,150.0,60.0,0.17348937433669487,-5.329070518200751e-13,59.875,150.0,0.75,215.6009032383387,49.25,180.22084457990547,395.82174781824415,0.32864106069232435,15.720238891058964,-7.2883824531189134e-09,1.8398019181246678e-11,False,False,True,0.040790541912429035,False
100mm_back_loaded,100.0,back_loaded,15.0,30.0,98.0,10.0,0.62,100.0,376.15038887164815,20.0,396.15038887164815,0.0,-1.1368683772161603e-13,1.8416666666666666,0.17348937433669395,59.875,h0.750_o80,0.75,150.0,80.0,0.17348937433669487,-5.329070518200751e-13,59.875,150.0,0.75,195.88503380916046,50.0,200.1085719521172,395.99360576127754,0.15678311023017577,10.65485503497807,1.403217542161883e-10,3.542133446236557e-13,False,False,True,0.04952104203402996,False
100mm_back_loaded,100.0,back_loaded,15.0,30.0,98.0,10.0,0.62,100.0,376.15038887164815,20.0,396.15038887164815,0.0,-1.1368683772161603e-13,1.8416666666666666,0.17348937433669395,59.875,h0.750_o100,0.75,150.0,100.0,0.17348937433669487,-5.329070518200751e-13,59.875,150.0,0.75,172.97149962436484,51.25,223.08466468084018,396.056164305205,0.0942245663026306,8.035285318045622,1.405005556343042e-10,3.546646919481532e-13,False,False,True,0.049295416101813316,False
100mm_back_loaded,100.0,back_loaded,15.0,60.0,98.0,10.0,0.62,100.0,376.15038887164815,20.0,396.15038887164815,0.0,-1.1368683772161603e-13,1.8416666666666666,0.17348937433669395,59.875,h0.900_o40,0.9,180.0,40.0,0.17348937433669487,-5.329070518200751e-13,59.875,180.0,0.9,200.40736813772776,52.25,195.52312925362048,395.93049739134824,0.21989148307094844,29.22412790373915,-2.7710414240988968e-09,6.9949228927721894e-12,False,False,False,0.13970245805103332,False
100mm_back_loaded,100.0,back_loaded,15.0,30.0,98.0,10.0,0.62,100.0,376.15038887164815,20.0,396.15038887164815,0.0,-1.1368683772161603e-13,1.8416666666666666,0.17348937433669395,59.875,h0.900_o60,0.9,180.0,60.0,0.17348937433669487,-5.329070518200751e-13,59.875,180.0,0.9,183.8471608319242,53.0,211.9484295179421,395.7955903498663,0.35479853179192816,15.639678233547647,-1.001008315126839e-08,2.5268391581742546e-11,False,False,True,0.05008958303369582,False
100mm_back_loaded,100.0,back_loaded,15.0,30.0,98.0,10.0,0.62,100.0,376.15038887164815,20.0,396.15038887164815,0.0,-1.1368683772161603e-13,1.8416666666666666,0.17348937433669395,59.875,h0.900_o80,0.9,180.0,80.0,0.17348937433669487,-5.329070518200751e-13,59.875,180.0,0.9,163.136838678419,54.0,232.8504925556969,395.9873312341159,0.16305763741798152,10.417567271273956,1.1425194124115023e-10,2.8840547542203124e-13,False,False,True,0.041425167000852525,False
100mm_back_loaded,100.0,back_loaded,15.0,30.0,98.0,10.0,0.62,100.0,376.15038887164815,20.0,396.15038887164815,0.0,-1.1368683772161603e-13,1.8416666666666666,0.17348937433669395,59.875,h0.900_o100,0.9,180.0,100.0,0.17348937433669487,-5.329070518200751e-13,59.875,180.0,0.9,139.18851963463027,55.0,256.8653423268282,396.05386196145844,0.09652691003795383,7.759631398478541,1.516985981275809e-10,3.8293184202005395e-13,False,False,True,0.04895420803222805,False
